,Дата,Блок манифольда|P бм  |кгс/см²,Блок манифольда|t жидкости| °С,С-1/3|P сеп. |кгс/см²,С-1/3|t жидкости |°С,С-1/3|L жидкости| см,С-2/3|P сеп. |кгс/см²,С-2/3|t жидкости |°С,С-2/3|L жидкости| см,С-2/3|L нефти,ОН-1/3|P отс. |кгс/см²,ОН-1/3|t жидкости|°С,ОН-1/3|L межфазный|см,С-3/3|t жидкости|°С,С-3/3|L нефти|см,ЭДГ-1/3|L меж. Фаз.,ЭДГ-1/3|Р,ЭДГ-1/3|Т,ЭДГ-1/3|Сила тока,ЭДГ-1/3|Напряжение,П-4|Т нефти на входе|°С,П-4|Т нефти на выходе|°С,П-4|Р нефти на входе|кгс/см²,П-4|Р нефти на выходе|кгс/см²,П-4|Т теплоно-сителя|°С,П-4|Т дымовых газов|°С,П-4|Р на горелку|кгс/см2,П-5|Т нефти на входе|°С,П-5|Т нефти на выходе|°С,П-5|Р нефти на входе|кгс/см²,П-5|Р нефти на выходе|кгс/см²,П-5|Т теплоно-сителя|°С,П-5|Т дымовых газов|°С,П-5|Р на горелку|кгс/см3,Показания влагомера,Расход пресной воды
0,2024-04-01 00:00:00,9.5,16,9.1,15,64,3.5,51,75,75,1.2,55,55,52,60,30,1,52,0.27,9.8,18.7,58.1,4.4,3.6,59,160.6,0.2,20,55,4.4,3.6,59.4,189.6,0.2,0.38,4.5
1,2024-04-01 02:00:00,9.8,16,9,15,66,3.5,57,75,75,1.2,54,55,48,44,35,1,51,0.28,10,20.9,53.8,4.5,3.7,59.2,215,0.2,21.8,56.5,4.7,3.7,60.9,92.9,0.2,0.36,4.2
2,2024-04-01 04:00:00,9.7,15,9,15,65,3.5,56,75,75,1.3,54,55,52,54,33,1,52,0.27,9.9,20.4,56.7,4.1,3.5,62.1,229.9,0.2,21.3,58.9,4.5,3.6,62.5,234.3,0.2,0.35,4.2
3,2024-04-01 06:00:00,9.6,15,9,15,65,3.3,57,75,75,1.2,54,55,51,45,35,1,51,0.27,9.9,23.5,55.2,4.1,3.5,61.2,125.3,0.2,22.7,57.2,4.2,3.5,60.9,94.1,0.2,0.38,4.2
4,2024-04-01 08:00:00,9.6,16,9,15,65,3.5,51,75,75,1.3,54,55,52,58,34,1,52,0.25,10.1,20.9,55.5,4.4,3.6,60.8,226.6,0.2,21.3,57.9,4.4,3.6,62.4,103.9,0.2,0.37,4.2
5,2024-04-01 10:00:00,9.3,16,8.8,15,65,3.5,57,75,75,1.1,54,55,51,52,33,1,52,0.27,10,20.4,55.6,4.8,3.8,61.4,121.8,0.2,20.4,56,4.9,3.8,59.7,91.1,0.2,0.38,4.2
6,2024-04-01 12:00:00,9.4,16,8.9,15,65,3.5,58,75,75,1.2,55,55,52,56,35,1,52,0.27,10.1,20,53.3,4.4,3.6,58.9,214.8,0.2,20.1,58.2,4.3,3.6,62.1,97.4,0.2,0.36,4.2
7,2024-04-01 14:00:00,9.8,16,8.9,15,65,3.4,56,75,75,1.2,55,55,52,58,33,1,52,0.25,10.1,20.2,57.9,4.3,3.6,63.2,152.6,0.2,20.5,55.3,4.3,3.6,59.5,224.1,0.2,0.35,4.2
8,2024-04-01 16:00:00,9.4,15,9.1,15,64,3.5,57,75,75,1.1,55,55,52,53,35,1,52,0.28,10.1,20.9,53.7,4.3,3.6,59.2,194.4,0.2,21.2,56.8,4.3,3.6,60.3,92.4,0.2,0.37,4.2
9,2024-04-01 18:00:00,9.7,15,9.2,15,65,3.6,56,75,75,1.3,55,55,52,55,33,1,52,0.27,10,21.3,55.9,4.1,3.6,61.2,228,0.2,21.4,58,4,3.5,62.4,100.5,0.2,0.38,4.2
10,2024-04-01 20:00:00,9.5,15,8.9,15,66,3.4,53,75,75,1.2,54,55,49,40,35,1,52,0.28,10,21,52.7,4.6,3.7,58.7,173.1,0.2,21.1,55.2,4.6,3.6,59.2,89.8,0.2,0.35,4.1
11,2024-04-01 22:00:00,9.4,15,8.9,15,66,3.7,55,75,76,1.4,54,57,51,57,35,1,52,0.28,10,21.7,56.9,4.7,3.7,62.2,229.5,0.2,22.3,56.7,4.6,3.8,60.9,95.7,0.2,0.36,4
12,2024-04-02 00:00:00,9.6,16,9.1,15,65,3.5,56,75,75,1.1,53,57,51,65,33,1,51,0.28,10,19.5,53.2,4.7,3.8,59.2,115.5,0.2,20.2,54.8,4.5,3.7,59.2,86.9,0.2,0.38,4
13,2024-04-02 02:00:00,9.2,16,9.1,15,64,3.5,55,76,75,1.2,52,58,50,55,35,1,51,0.35,9.9,19.8,55.8,4.7,3.8,61.1,215,0.2,19.8,59,4.7,3.8,63.1,115.6,0.2,0.35,4.1
14,2024-04-02 04:00:00,9.4,16,9.1,15,65,3.5,57,75,75,1.3,54,52,52,68,34,1,52,0.29,10,21.3,55.7,4.4,3.7,61.7,129.1,0.2,21.7,54.1,4.4,3.7,58.9,135.2,0.2,0.37,4.1
15,2024-04-02 06:00:00,9.7,16,9.1,15,65,3.5,58,75,75,1.2,53,53,52,65,30,1,52,0.28,10,21.7,53.4,4.7,3.8,59.1,114.7,0.2,21.5,57.6,4.4,3.6,61,94.4,0.2,0.39,4.1
16,2024-04-02 08:00:00,9.1,15,8.8,15,65,3.5,55,75,75,1.4,55,54,52,61,35,1,52,0.27,9.9,20.1,55.8,4.4,3.7,61.3,226.9,0.2,20.3,59.2,4.6,3.7,63.5,131.9,0.2,0.38,4.1
17,2024-04-02 10:00:00,9.5,16,9.2,15,65,3.5,57,75,75,1,52,55,51,51,30,1,51,0.3,9.9,22.2,56.8,4.5,3.8,61.7,120.5,0.2,21.9,57.5,4.5,3.7,60.4,90.5,0.2,0.36,4.1
18,2024-04-02 12:00:00,9.3,15,8.8,15,65,3.5,55,75,75,1.2,53,55,51,55,33,1,52,0.29,9.9,20.7,55,4.8,3.8,59.8,216.6,0.2,21,60.6,4.7,3.8,63.8,138.5,0.2,0.38,4.1
19,2024-04-02 14:00:00,9.6,16,8.9,15,65,3.6,57,75,75,1.4,53,55,51,68,33,1,51,0.3,9.8,20.3,57.1,4.9,3.9,63,134.1,0.2,20.4,56.2,4.8,3.9,60.3,92,0.2,0.39,4.1
20,2024-04-02 16:00:00,9.3,16,8.7,15,65,3.5,57,75,75,1.3,53,55,52,57,33,1,52,0.28,9.9,19.4,53.3,5,3.9,59.1,216.7,0.2,19.7,58.6,5.1,3.9,62.5,151.4,0.2,0.37,4.1
21,2024-04-02 18:00:00,9.5,16,8.8,15,65,3.5,57,75,75,1.2,52,55,50,49,39,1,51,0.28,9.8,20.9,57,5,3.9,62.6,196.1,0.2,21.1,57.1,4.9,3.9,61.7,96.1,0.2,0.38,4.1
22,2024-04-02 20:00:00,9.6,16,8.9,15,66,3.4,57,75,75,1.3,52,55,51,60,39,1,51,0.29,9.9,19.7,53.6,4.6,3.8,59.2,113.5,0.2,20.1,57.4,4.5,3.6,61.8,228,0.2,0.39,4.2
23,,,,,,,,,,,,,,,,,,,,,,,,,,,,,,,,,,,0.36,4.2
24,2024-04-03 00:00:00,9.6,16,9.1,15,65,3.5,57,75,75,1.1,54,55,50,53,35,1,51,0.27,9.9,20.1,53.2,4.7,3.8,59,110.5,0.2,20.1,59.7,4.7,3.7,62.9,229.3,0.2,0.38,4.2
25,2024-04-03 02:00:00,9.2,16,8.9,15,64,3.4,56,75,75,1.3,52,58,52,76,35,1,52,0.28,9.9,18.9,52.8,4.3,3.6,58.7,191.4,0.2,19.3,56.2,4.4,3.6,60.9,90.8,0.2,0.37,4.1
26,2024-04-03 04:00:00,9.7,15,9.2,15,64,3.7,56,75,75,1.4,52,58,48,50,35,1,51,0.28,9.9,21.3,57.6,4.6,3.8,63,210.3,0.2,21.8,58.8,4.7,3.8,62.8,107.6,0.2,0.39,4.1
27,2024-04-03 06:00:00,9.4,16,9,15,65,3.8,57,75,75,1.5,51,58,52,62,33,1,51,0.28,9.9,25.7,54.7,4.2,3.6,60.6,117.4,0.2,25,56.5,4.7,3.7,59.7,187.4,0.2,0.38,4.1
28,2024-04-03 08:00:00,9.4,15,9.1,15,64,3.5,56,75,75,1.4,52,58,51,69,35,1,51,0.28,10,19.9,19.9,4.1,3.6,58.9,220.5,0.2,20.1,55.2,4,3.5,60.4,88.9,0.2,0.39,4.1
29,2024-04-03 10:00:00,9.2,16,8.9,15,65,3.5,56,75,75,1.2,52,58,48,47,35,1,51,0.27,9.9,20.5,56.1,4.4,3.6,61.9,222,0.2,20.7,54,4.3,3.6,59.1,213.5,0.2,0.37,4.1
30,2024-04-03 12:00:00,9.4,16,8.9,15,65,3.5,58,75,75,1.2,52,58,51,67,34,1,52,0.27,10,20.7,54.3,4.7,3.7,61.1,111.9,0.2,20.6,55.9,4.6,3.7,60.9,90.6,0.2,0.36,4.1
31,2024-04-03 14:00:00,9.4,16,8.8,15,65,3.4,56,75,75,1.2,52,58,48,49,33,1,52,0.27,9.8,20.6,56.1,4.3,3.6,61.3,218.9,0.2,20.9,54.7,4.4,3.7,59.1,84.3,0.2,0.37,4.1
32,2024-04-03 16:00:00,9.3,15,9,15,65,3.6,58,75,75,1,52,58,48,39,33,1,52,0.28,9.9,20.3,56.2,4.5,3.7,61.4,112.5,0.2,20.6,59,4.4,3.7,62.4,95.6,0.2,0.38,4.1
33,2024-04-03 18:00:00,9.6,15,8.9,15,65,3.4,57,75,75,1.3,55,53,59,47,33,1,52,0.27,10,20.4,52.9,4.3,3.6,58.7,218.8,0.2,20.7,54.9,4.4,3.6,59.5,85.1,0.2,0.39,4.1
34,2024-04-03 20:00:00,9.4,15,9.1,15,64,3.6,54,75,75,1.3,53,53,51,74,35,1,52,0.28,10,19.5,52.8,4.9,3.9,59.2,116.9,0.2,19.7,56.4,4.7,3.9,60.5,224.7,0.2,0.37,4.1
35,2024-04-03 22:00:00,9.4,15,9.1,15,64,3.4,55,75,74,1.1,51,55,48,45,33,1,50,0.28,10.1,22.4,53.1,4,3.5,58.1,215.9,0.2,22.4,56.7,4.1,3.6,60.4,94,0.2,0.35,4.1
36,2024-04-04 00:00:00,9.5,15,9.1,15,65,3.5,55,75,75,1.1,53,53,49,57,35,1,50,0.27,10,19.9,56.1,4.8,3.8,61.3,153.1,0.2,19.8,54.6,4.3,3.6,58.9,85.3,0.2,0.36,4
37,2024-04-04 02:00:00,9.5,15,9,15,65,3.5,55,75,75,1.1,55,53,50,61,33,1,50,0.27,9.9,19.6,51.6,4.3,3.6,57.1,209.4,0.2,20,53.6,4.9,3.8,57.4,84.3,0.2,0.35,3.9
38,2024-04-04 04:00:00,9.4,15,9,15,65,3.5,54,75,75,1.1,52,55,46,45,34,1,49,0.28,9.9,17,55,4.7,3.8,60.7,225.6,0.2,17.3,56.4,4.6,3.7,61.2,112.3,0.2,0.37,3.9
39,2024-04-04 06:00:00,9.5,15,9,15,64,3.3,56,76,75,1.2,52,55,46,48,34,1,50,0.27,10,20.2,52.6,4.2,3.6,58.9,115,0.2,20.6,55.7,4.4,3.6,60.2,94.7,0.2,0.38,3.9
40,2024-04-04 08:00:00,9.3,15,9,15,65,3.4,54,75,75,1.2,52,55,49,52,33,1,50,0.27,9.8,20.2,54.2,4.7,3.7,59.3,220.9,0.2,20.5,54.4,4.7,3.8,58.5,86.1,0.2,0.37,3.9
41,2024-04-04 10:00:00,9.8,16,9,15,65,3.6,53,75,75,1.3,53,55,50,55,35,1,50,0.27,9.8,20,53.6,4.7,3.8,59.8,116.4,0.2,20.2,53,4.6,3.8,57.8,86.1,0.2,0.36,3.9
42,2024-04-04 12:00:00,9.3,15,8.9,15,65,3.5,55,75,75,1.4,53,55,50,57,35,1,50,0.27,10,21.3,51.6,4.5,3.7,57.2,210.5,0.2,21.3,52.2,4.4,3.7,57.2,84.9,0.2,0.38,3.9
43,2024-04-04 14:00:00,9.5,15,9,15,65,3.5,54,75,75,1.2,53,55,47,47,34,1,50,0.26,9.8,20.3,55.4,4.3,3.6,61.3,123.7,0.2,20.3,52.9,4.3,3.6,57.3,82.6,0.2,0.37,3.9
44,2024-04-04 16:00:00,9.3,15,9.1,15,65,3.4,54,75,75,1.3,52,55,50.2,58,33,1,50,0.26,9.9,20,51.1,4.1,3.5,57,200.5,0.2,20.3,55,4.1,3.5,59.4,204.4,0.2,0.36,3.8
45,2024-04-04 18:00:00,9.7,15,8.9,15,65,3.5,54,75,75,1.1,52,55,50,54,34,1,50,0.27,10,21.6,55.4,4.5,3.7,60.4,146.9,0.2,21.9,57.3,4.6,3.7,61.3,99.7,0.2,0.38,3.8
46,2024-04-04 20:00:00,9.4,15,9.1,15,64,3.5,55,75,75,1.1,52,55,46,48,33,1,50,0.28,10.1,18.4,51.6,4.4,3.6,57.1,204.2,0.2,18.7,55.3,4.2,3.6,59.1,89.3,0.2,0.36,3.8
47,2024-04-04 22:00:00,9.7,15,9.1,15,64,3.6,55,75,75,1.3,52,55,50,63,34,1,50,0.27,9.8,20.1,54.8,4.4,3.7,60.6,224.4,0.2,20.4,53.2,4.1,3.5,58,87.5,0.2,0.39,3.8
48,2024-04-05 00:00:00,9.4,15,9.1,15,64,3.6,55,75,75,1.2,53,55,50,52,34,1,50,0.28,10,20.1,54.9,4.6,3.8,60.4,129.4,0.2,20.2,53.9,4.5,3.7,57.7,85.1,0.2,0.37,3.8
49,2024-04-05 02:00:00,9.6,15,9,15,65,3.5,54,75,75,1.1,55,55,50,55,34,1,50,0.26,9.8,18.9,53.1,4.4,3.7,58.4,219.9,0.2,19.3,52.2,4.6,3.7,57,84.6,0.2,0.35,3.1
50,2024-04-05 04:00:00,9.4,15,9,15,65,3.5,54,75,75,1.1,52,55,52,51,33,1,50,0.27,9.9,19.6,55,4.8,3.8,60.7,132.9,0.2,19.9,57.4,4.6,3.7,61.2,108.1,0.2,0.37,3.1
51,2024-04-05 06:00:00,9.6,15,9,15,65,3.4,55,75,75,1.2,53,55,50,54,35,1,50,0.26,9.9,21.5,51.6,4.7,3.8,57,206.8,0.2,21.5,54.4,4.7,3.7,58.5,89.3,0.2,0.36,3.1
52,2024-04-05 08:00:00,9.2,15,8.8,15,65,3.5,53,75,75,1.3,53,55,50,55,34,1,50,0.27,10,18.2,55.5,4.7,3.7,61.3,151.6,0.2,18.6,53,4.6,3.7,57.8,87,0.2,0.38,3.1
53,2024-04-05 10:00:00,9.5,15,9.1,15,65,3.6,52,75,75,1.2,53,55,50,57,33,1,50,0.27,10.1,21.4,53,4.7,3.8,58.2,106.6,0.2,23.6,53.8,4.5,3.7,57.2,85.9,0.2,0.35,3.1
54,2024-04-05 12:00:00,9,15,8.8,15,65,3.5,54,75,75,1.2,53,55,50,62,33,1,50,0.27,9.8,19.6,54.1,5,3.9,59.5,216.7,0.2,19.6,56.5,5.1,3.9,60,226,0.2,0.37,3.1
55,2024-04-05 14:00:00,9.3,15,8.8,15,65,3.6,54,75,75,1.1,52,55,49,53,34,1,50,0.26,10.1,21.1,53.9,5.1,4,59.9,111.4,0.2,21,53,4.8,3.9,57.3,171,0.2,0.36,3.1
56,2024-04-05 16:00:00,9.4,15,9,15,65,3.5,53,75,75,1.3,53,55,47,47,34,1,50,0.27,9.9,19.8,51.3,4.3,3.6,56.8,197.3,0.2,20.1,52.7,4.2,3.5,57.2,82.9,0.2,0.35,3.1
57,2024-04-05 18:00:00,9.5,15,8.9,15,65,3.6,54,75,75,1,53,55,50,53,33,1,50,0.26,10,21.4,54.9,4.6,3.7,60.1,147.3,0.2,21.3,53.7,4.6,3.7,57.3,224.3,0.2,0.37,3.1
58,2024-04-05 20:00:00,9.6,15,9.1,15,65,3.5,55,75,75,1.2,53,55,46,50,34,1,50,0.27,10,20.6,52.1,4.4,3.6,58.4,111.2,0.2,20.4,57.7,4.5,3.6,61.3,11.9,0.2,0.38,3.1
59,2024-04-05 22:00:00,9.4,15,9,15,65,3.4,55,75,75,1.1,53,55,50,60,31,1,50,0.27,9.8,20.1,55.1,4.7,3.8,59.9,221.9,0.2,20.2,55.7,4.6,3.7,59.3,89.2,0.2,0.39,3.1
60,2024-04-06 00:00:00,9.5,15,9,15,65,3.5,56,75,75,1.2,53,55,49,48,36,1,50,0.26,9.9,23.5,53.2,4.6,3.7,58.6,111.3,0.2,23.4,55.7,4.7,3.7,58.9,85.6,0.2,0.36,3
61,2024-04-06 02:00:00,9.6,15,9.3,15,65,3.4,55,75,75,1.1,53,55,50,59,35,1,50,0.26,9.9,21.8,54.2,4.7,3.8,58.3,216.6,0.2,21.5,55.9,4.6,3.7,58.5,85.7,0.2,0.35,3
62,2024-04-06 04:00:00,9.7,15,9.1,15,65,3.5,55,75,75,1.1,53,55,48,53,35,1,50,0.26,9.9,20.4,56.5,4.2,3.7,61.4,158.4,0.2,20.7,55.4,4.7,3.7,58.5,84.8,0.2,0.36,3
63,2024-04-06 06:00:00,9.7,15,9.1,15,64,3.5,55,75,75,1.3,52,55,49,54,35,1,50,0.27,9.9,24.1,51.7,4,3.5,57.7,108.9,0.2,24.6,53.7,4.4,3.7,58,85.8,0.2,0.38,3
64,2024-04-06 08:00:00,9.6,15,9,15,65,3.5,54,75,75,1.2,52,55,48,56,33,1,49,0.26,10,20.2,50.4,4.3,3.2,56.1,211.6,0.2,20.3,54.1,4.3,3.6,58.7,87.7,0.2,0.36,3
65,2024-04-06 10:00:00,9.3,15,9,15,65,3.6,54,75,75,1.1,52,55,49,65,35,1,50,0.26,9.8,20.2,55.1,4.8,3.9,60.1,167.1,0.2,20.3,54.6,4.6,3.8,58.4,86.2,0.2,0.37,3
66,2024-04-06 12:00:00,9.8,15,9.1,15,65,3.4,55,75,75,1.1,52,55,49,63,34,1,50,0.26,10,20.5,56.6,4.3,3.6,62.3,135.5,0.2,20.4,53.7,4.4,3.6,58.2,84.9,0.2,0.38,3
67,2024-04-06 14:00:00,9.3,15,8.9,15,65,3.4,57,75,75,1.2,53,55,50,67,34,1,50,0.26,9.8,21,52.9,4,3.5,59.1,109.331,0.2,21.1,56.1,4,3.4,61.4,95.2,0.2,0.39,3
68,2024-04-06 16:00:00,9.7,15,9,15,65,3.4,56,75,75,1.1,53,55,50,68,35,1,50,0.25,9.8,22.5,55.1,4.5,3.7,60.3,220.3,0.2,22.8,55.7,4.6,3.6,60.1,88.5,0.2,0.36,3
69,2024-04-06 18:00:00,9.7,15,9,15,65,3.6,56,75,75,1.2,53,55,50,65,34,1,50,0.27,9.9,20.6,56,4.5,3.7,62.2,129.3,0.2,20.7,55.2,4.5,3.7,59.9,85.7,0.2,0.37,3.1
70,2024-04-06 20:00:00,9.1,15,8.8,15,66,3.5,56,75,74,1,53,55,50,67,35,1,50,0.26,10,23.6,52.8,4.5,3.8,58.3,208.4,0.2,23.7,54.8,4.7,3.8,58.7,84.5,0.2,0.36,3.1
71,2024-04-06 22:00:00,9.4,15,8.9,15,64,3.5,55,75,76,1.1,53,55,51,67,34,1,51,0.27,9.9,20.7,57.1,4.4,3.7,62.2,192.2,0.2,21.1,57.2,4.3,3.7,61,219.8,0.2,0.39,3.1
72,2024-04-07 00:00:00,9.5,15,9.1,15,64,3.5,56,75,75,1.1,53,55,53,64,34,1,50,0.27,9.9,23.1,52.3,4.4,3.6,57.8,168,0.2,23.1,57.8,4.3,3.6,61.4,94.1,0.2,0.37,3.1
73,2024-04-07 02:00:00,9.7,15,9.2,15,65,3.5,56,75,75,1.2,53,55,51,70,34,1,51,0.26,9.9,22.6,53.5,4.2,3.7,59,214.1,0.2,22.5,56.3,4.3,3.7,60.7,92.3,0.2,0.39,3.2
74,2024-04-07 04:00:00,9.4,15,9.2,15,64,3.5,56,75,75,1.2,53,55,51,66,34,1,50,0.26,9.8,20.9,53.3,4.2,3.6,59.2,113.1,0.2,21.2,55.8,4.1,3.5,60.3,213.1,0.2,0.35,3.1
75,2024-04-07 06:00:00,9.1,15,8.9,15,65,3.5,55,75,75,1,53,55,50,74,35,1,50,0.27,10,22,53.3,4.8,3.9,58.3,206.7,0.2,22.1,58,4.7,3.8,60.7,217.9,0.2,0.38,3.1
76,2024-04-07 08:00:00,9.4,15,8.1,15,65,3.6,56,75,75,1,50,55,50,62,33,1,50,0.26,9.7,21.7,54.7,4.8,3.9,60.9,121.5,0.2,21.4,56.7,4.7,3.9,61,94.8,0.2,0.39,3.1
77,2024-04-07 10:00:00,9.3,15,8.8,15,65,3.5,57,75,75,1,51,55,51,64,33,1,51,0.26,10,21.1,53.1,4.5,3.7,59.8,105.8,0.2,21.6,55.6,4.6,3.7,60.3,85.5,0.2,0.36,3.3
78,2024-04-07 12:00:00,9.6,15,8.8,15,65,3.5,56,70,75,1.1,53,55,51,63,33,1,51,0.27,9.7,21.4,54.1,4.6,3.7,59.6,"217,,2",0.2,21.4,54.1,4.54,4.6,57.9,84.5,0.2,0.37,3.3
79,2024-04-07 14:00:00,9.4,15,8.9,15,65,3.5,56,75,75,1,53,55,51,65,35,1,51,0.26,10,23.7,56.5,4.5,3.8,61.9,121.5,0.2,23.7,55.3,4.4,3.7,58.4,53.9,0.2,0.35,3.3
80,2024-04-07 16:00:00,9.4,15,8.8,15,65,3.45,56,75,75,1.2,53,55,50,67,33,1,50,0.26,9.8,20.2,52.8,4.7,3.6,58.7,107.3,0.2,20.6,53.5,4.6,3.6,58.2,84,0.2,0.38,3.3
81,2024-04-07 18:00:00,9.3,15,8.8,15,65,3.6,55,75,75,1,53,55,51,62,34,1,51,0.26,9.9,22.3,55.2,4.8,3.8,59.7,219,0.2,22.9,59.6,4.8,3.8,62.7,108.7,0.2,0.37,3.3
82,2024-04-07 20:00:00,9.6,15,9.1,15,65,3.4,56,75,75,1.2,53,55,46,44,34,1,51,0.26,9.9,21.2,55.7,3.8,3.5,61.8,132.8,0.2,21.7,56.7,3.7,3.4,61.7,96.5,0.2,0.38,3.3
83,2024-04-07 22:00:00,9.1,15,8.9,15,65,3.4,57,75,76,1,53,55,46,52,34,1,50,0.27,9.9,21.2,53.7,4.3,3.7,59.1,111,0.2,21.8,58.1,4.5,3.7,61.3,90.4,0.2,0.37,3.3
84,2024-04-08 00:00:00,9.1,15,8.6,15,65,3.6,55,75,77,1,53,55,51,73,34,1,51,0.27,9.8,20.2,56.1,5.2,4.1,60.9,225.36,0.2,20.4,54.7,4.9,3.9,58.4,84.7,0.2,0.35,3.3
85,2024-04-08 02:00:00,9.4,15,9.1,15,64,3.5,57,75,75,1,52,55,46,48,34,1,50,0.28,10,20.5,52.7,4.4,3.6,58.9,112.7,0.2,21.1,55.8,4.9,3.8,60.2,90.2,0.2,0.38,3.2
86,2024-04-08 04:00:00,9.6,15,8.9,15,65,3.6,56,75,75,1,53,55,50,56,35,1,50,0.29,9.9,19.9,54,4.6,3.7,59.1,218.5,0.2,20.6,54.4,4.8,3.8,59.1,85.2,0.2,0.4,3.2
87,2024-04-08 06:00:00,9.2,15,9,15,66,3.5,56,74,75,1.2,54,45,51,67,32,1,51,0.26,9.7,20.7,56.9,4.6,3.7,62.2,189.7,0.2,20.7,54.8,4.6,3.7,59,85.4,0.2,0.36,3.2
88,2024-04-08 08:00:00,9.2,15,9,15,65,3.4,55,74,75,1,53,45,50,58,35,1,50.4,0.27,9.7,20.7,56.9,4.6,3.7,62.2,189.7,0.2,20.7,54.8,4.6,3.7,59,85.4,0.2,0.37,3.2
89,2024-04-08 10:00:00,9.3,15,8.9,14.8,65,3.4,56,75,75,1.1,54,49,50,50,34,1,50.4,0.26,9.9,22.5,55.1,4,3.5,60.7,222.4,0.2,23.9,54.8,4.5,3.7,59,87.6,0.2,0.38,3.2
90,2024-04-08 12:00:00,9.3,15,9,14.9,64,3.5,57,75,75,1.1,54,54,49.9,50,35,1,50.4,0.26,9.8,22.6,55.1,4.3,3.6,61.5,124.8,0.2,22.3,56.8,4.1,3.5,57,88.9,0.2,0.36,3.2
91,2024-04-08 14:00:00,9.3,15,8.9,15,64,3.6,55,75,75,1.1,53,54,50,51,35,1,50.4,0.27,9.8,22.5,52.5,4.3,3.6,58.1,200.1,0.2,23,57.7,4.4,3.7,62.3,102.1,0.2,0.39,3.2
92,2024-04-08 16:00:00,9.3,15,9,15,64,3.5,52,75,76,0.9,54,55,50,50,34,1,51,0.25,9.9,23.4,56.7,4.2,3.5,62,126,0.2,24.2,53.9,4.4,3.7,58.2,83.3,0.2,0.35,3.2
93,2024-04-08 18:00:00,9.4,15,8.8,15,65,3.6,56,75,76,1.1,54,55,50,50,35,1,50,0.26,9.9,23.5,54.5,4.6,3.8,60.8,117.4,0.2,24.7,53.9,4.5,3.7,58.2,83.6,0.2,0.35,3.2
94,2024-04-08 20:00:00,9.3,15,9,15,65,3.6,56,75,75,1,53,54,53,55,33,1,50,0.25,9.9,20,52,4.3,3.6,58,121,0.2,22,56,4.2,3.6,60,87,0.2,0.37,3.2
95,2024-04-08 22:00:00,9.2,15,9,15,64,3.5,56,75,75,1,53,55,50,50,34,1,50,0.26,10,22,56,4.3,3.6,61,217,0.2,22,57,4.2,3.6,60,85,0.2,0.35,3.2
96,2024-04-09 00:00:00,9,15,8.8,15,65,3.6,56,75,76,1.1,54,55,50,56,35,1,50,0.26,9.9,23.5,54.5,4.6,3.8,60.8,106.8,0.2,24.7,53.9,4.5,3.7,58.2,87.8,0.2,0.39,4.3
97,2024-04-09 02:00:00,9,15,8.8,15,65,3.5,56,74,74,1,53,55,49,50,34,1,50,0.26,9.9,20.9,52.1,4.4,3.6,58,110,0.2,21,55.8,4.6,3.6,60.2,85.8,0.2,0.38,3.2
98,2024-04-09 04:00:00,9.3,15,9,15,65,3.4,56,75,74,1,53,55,49,50,33,1,50,0.26,9.9,21.9,55.7,4.7,3.8,61,121,0.2,21.3,56.3,4.8,3.8,60,84.7,0.2,0.37,3.2
99,2024-04-09 06:00:00,9.4,15,9,15,64,3.5,57,75,74,1,53,55,49,50,34,1,50,0.26,9.9,20.9,52.1,4.4,3.6,58,108,0.2,21,55.8,4.6,3.6,60.2,88,0.2,0.37,3.2
100,2024-04-09 08:00:00,9.2,15,8.9,15,65,3.5,56.2,75,75,1,54,55,50,50,34,1,51,0.25,9.7,19.6,54.3,4.6,3.8,54.4,215.6,0.2,20.1,56.2,4.4,3.7,60.7,87.8,0.2,0.36,3.2
101,2024-04-09 10:00:00,9.3,15,8.9,15,65,3.6,56.2,73,76,1,53,55,50,54,35,1,50,0.27,9.9,27,56,4.4,3.8,55.8,118.1,0.2,26,57.4,4.8,3.9,57.5,84.9,0.2,0.38,3.2
102,2024-04-09 12:00:00,9.4,15,9,15,64,3.4,50,75,75,1.1,51,55,48,50,34,1,49,0.27,10,21.8,53.8,4.4,3.6,59.3,104.2,0.2,22.4,50.3,4.6,3.7,49.5,75.3,0.2,0.35,3.2
103,2024-04-09 14:00:00,9.2,15,8.8,15,64,3.5,56,75,75,1.1,52,55,47,50,35,1,48,0.26,10,22.3,52.7,4.4,3.6,57.9,186.7,0.2,22.9,56.9,4.5,3.7,61.2,83.6,0.2,0.37,3.2
104,2024-04-09 16:00:00,9.4,15,8.9,15,65,3.5,54,75,75,1.1,54,55,50,50,35,1,50,0.25,9.9,23.1,57,4.6,3.7,62.2,124.2,0.2,22.9,55.1,4.3,3.6,58.8,81.2,0.2,0.39,3.2
105,2024-04-09 18:00:00,9.3,15,8.9,15,65,3.6,56,75,75,1.1,53,55,49,50,35,1,50,0.26,9.9,24.5,55.1,4.2,3.5,61.2,119.6,0.2,23.9,56.4,4.7,3.7,59.9,85.6,0.2,0.37,3.2
106,2024-04-09 20:00:00,9.3,15,9,15,65,3.6,56,75,75,1,53,55,50,50,35,1,50,0.26,10,21,52,4.7,3.7,58,105.4,0.2,21,55,4.7,3.7,60,86.9,0.2,0.38,3.3
107,2024-04-09 22:00:00,9.4,15,8.7,15,65,3.4,55,75,75,1.1,53,55,53,50,34,1,50,0.26,10,21.3,56,4.5,3.7,61,220,0.2,22.9,56.8,4.3,3.5,61.6,93.1,0.2,0.37,3.3
108,2024-04-10 00:00:00,9.3,15,8.7,15,65,3.5,56,74,75,1,53,55,53,50,33,1,50,0.25,9.9,20,54,4.4,3.7,59.7,111.7,0.2,20,54,4.3,3.6,58.6,83.7,0.2,0.38,3.3
109,2024-04-10 02:00:00,9.2,15,8.8,15,65,3.4,56,74,74,1,53,55,50,50,34,1,50,0.25,9.8,19.7,52.2,4.4,3.6,57.8,147.7,0.2,20.3,54,4.4,3.6,58.5,85.3,0.2,0.38,3.2
110,2024-04-10 04:00:00,9.6,15,8.7,15,66,3.6,55,74,75,1.2,53,55,50,51,34,1,50,0.26,9.9,18.7,56.7,4.2,3.6,62.3,147.6,0.2,22.2,55,4.5,3.6,59,87,0.2,0.38,3.2
111,2024-04-10 06:00:00,9.2,15,8.8,15,65,3.4,56,74,74,1,53,55,50,51,34,1,50,0.25,9.8,19.7,52.2,4.4,3.6,57.8,147.7,0.2,20.3,54,4.4,3.6,58.5,85.3,0.2,0.38,3.2
112,2024-04-10 08:00:00,9.4,15,8.9,15,64,3.5,55,75,76,1.1,54,55,50,50,34,1,51,0.25,9.9,23.3,52.1,4.4,3.7,57.9,197.4,0.2,23.9,57.2,4.6,3.8,61,90.9,0.2,0.36,3.2
113,2024-04-10 10:00:00,9.1,15,8.9,15,65,3.5,55,75,76,1.1,54,55,50,62,34,1,51,0.25,9.9,26.1,57.3,4.5,3.7,62.4,140.4,0.2,25.6,55,4.7,3.7,58.4,82.5,0.2,0.37,3.2
114,2024-04-10 12:00:00,9.4,15,9,15,64,3.4,57,75,75,1.1,54,55,50,50,35,1,50,0.25,9.9,23.7,55.2,4.4,3.8,60.9,114.8,0.2,22.1,57.1,4.8,3.9,60.5,60.5,0.2,0.35,3.2
115,2024-04-10 14:00:00,9.6,15,9,15,65,3.6,55,75,75,1.3,53,55,50,53,34,1,50,0.26,10,23.8,52.8,4.6,3.7,58.9,107.8,0.2,24.6,57.7,4.9,3.8,61.9,100.9,0.2,0.36,3.2
116,2024-04-10 16:00:00,9.7,15,9,15,65,3.5,56,75,74,1.1,53,55,50,55,34,1,50,0.26,9.8,25,56.6,4.5,3.7,60.5,216.8,0.2,25.5,55.3,4.4,3.6,58.7,83.7,0.2,0.38,3.2
117,2024-04-10 18:00:00,9.7,15,8.8,15,66,3.6,56,75,75,1.1,53,55,50,50,34,1,50,0.26,10,21.7,55.1,4.7,3.8,61.3,122,0.2,24.7,56,4.6,3.7,56.2,88.1,0.2,0.37,3.2
118,2024-04-10 20:00:00,9.3,15,8.9,15,65,3.4,55,75,75,1,53,55,50,50,34,1,50,0.26,9.9,22,54.5,4.5,3.6,60.3,113.9,0.2,22.2,59,4.5,3.7,59,220.7,0.2,0.35,3.3
119,2024-04-10 22:00:00,9.5,15,9,15,65,3.5,54,75,75,1,53,55,50,50,34,1,50,0.25,10,25.7,55.6,4.5,3.7,59.7,217.4,0.2,26.1,55.5,4.6,3.7,59,84.7,0.2,0.36,3.3
120,2024-04-11 00:00:00,9.3,15,8.9,15,65,3.4,55,75,75,1,53,55,50,50,34,1,50,0.26,9.9,22,54.5,4.5,3.6,60.3,113.9,0.2,22.2,59,4.5,3.7,59,220.7,0.2,0.37,3.4
121,2024-04-11 02:00:00,9.2,15,8.8,15,65,3.4,56,74,74,1,53,50,50,50,34,1,50,0.25,9.8,19.7,52.2,4.4,3.6,57.8,147.7,0.2,20.3,54,4.4,3.6,58.5,85.3,0.2,0.38,3.2
122,2024-04-11 04:00:00,9.1,15,8.9,15,65,3.4,56,75,75,1,53,50,50,50,34,1,50,0.26,9.8,23.8,53.7,4.2,3.6,58.8,216.2,0.2,24.6,58,4.3,3.6,62.1,100.5,0.2,0.37,3.2
123,2024-04-11 06:00:00,9.6,15,8.9,15,65,3.4,56,75,75,1,53,50,50,55,34,1,50,0.26,9.8,23.8,53.7,4.2,3.6,58.8,225.6,0.2,24.6,58,4.3,3.6,62.1,62.4,0.2,0.38,3.2
124,2024-04-11 08:00:00,9.5,16,9.1,15,63,3.4,56,76,75,1.1,53,54,50,50,34,1,50,0.26,9.8,25.2,53.4,4.6,3.7,59.1,111.9,0.2,24.8,55.7,4.7,3.8,59.3,88.7,0.2,0.36,3.2
125,2024-04-11 10:00:00,9.3,15,9,15,65,3.6,52,75,74,1.1,54,55,51,56,34,1,50,0.26,10,25.4,54,4.6,3.7,59.3,213.6,0.2,25.3,54.8,4.7,3.7,58.7,87,0.2,0.39,3.2
126,2024-04-11 12:00:00,9.1,15,8.9,15,65,3.5,51,75,74,1,52,55,49,50,34,1,50,0.26,10,18.4,56.4,4.3,3.6,62.1,131.9,0.2,25.3,54.8,4.7,3.7,58.7,87,0.2,0.37,3.2
127,2024-04-11 14:00:00,9.4,16,9,15,65,3.5,46,74,76,1,49,55,44,62,34,1,45,0.26,10,23,61.7,4.4,3.8,67.1,192.2,0.2,22.9,27.5,4.6,3.7,27.5,27.5,0.2,0.36,3.2
128,2024-04-11 16:00:00,9.4,15,9,15,64,3.6,51,75,76,1,50,55,44,53,35,1,44,0.25,9.8,22.9,62,4.3,3.7,68,115.8,0.2,23.1,50,4.8,3.7,54.4,228.1,0.2,0.35,3.2
129,2024-04-11 18:00:00,9.3,15,9,15,64,3.6,51,75,76,1,50,55,44,53,35,1,44,0.25,9.8,22.9,62,4.3,3.7,68,115.8,0.2,23.1,50,4.8,3.7,54.4,228.1,0.2,0.36,3.2
130,2024-04-11 20:00:00,9.5,15,8.8,15,65,3.5,56,75,75,1,54,54,51,50,34,1,51.2,0.24,9.9,21.6,56.7,4.6,3.8,62.1,184.6,0.2,22,57.3,4.4,3.7,62.2,136.6,0.2,0.37,3.2
131,2024-04-11 22:00:00,9.7,15,9,15,65,3.4,56,75,75,1,54,55,51,50,34,1,51,0.27,10,24.6,53.7,4.6,3.8,59.5,105.6,0.2,24,59.6,4.6,3.7,63.3,87.6,0.2,0.34,3.2
132,2024-04-12 00:00:00,9.1,15,8.8,15,65,3.5,57,75,75,1.1,54,55,51,50,34,1,51,0.27,9.9,22.7,53.1,4.7,3.7,58.7,209,0.2,22.6,61.1,4.6,3.8,65.3,119.7,0.2,0.37,4.1
133,2024-04-12 02:00:00,9.2,15,9,15,64,3.5,57,75,75,1.2,54,55,51,50,34,1,51,0.26,9.8,24.6,56,4.1,3.6,61.5,215.7,0.2,25.5,58.5,4.1,3.5,62.7,85.9,0.2,0.38,3.3
134,2024-04-12 04:00:00,9.5,15,9,15,64,3.5,57,74,74,1.1,54,55,51,50,33,1,51,0.27,10,24.5,54.7,4,3.5,60.7,112.7,0.2,24.7,61,4,3.4,64.7,97.6,0.2,0.37,3.3
135,2024-04-12 06:00:00,9.7,15,8.9,15,65,3.5,58,75,74,1.1,55,55,51,50,34,1,52,0.25,10,24.2,52.6,4.3,3.6,58.3,104.9,0.2,24.6,59.7,4.4,3.6,64.5,213.3,0.2,0.38,3.3
136,2024-04-12 08:00:00,9.6,15,9.3,15.1,64,3.4,56.8,75,75,1,54.5,55,51.3,51,34,1,51.9,0.26,9.9,21.8,57.8,4.7,3.7,62.5,150,0.2,19.2,61,4.3,3.6,65.1,98.7,0.2,0.37,3.2
137,2024-04-12 10:00:00,9.4,15,9.1,15.2,65,3.5,57.7,75,74,1.1,54.3,55,51.1,50,34,1,51.6,0.27,10,20.4,53.1,4.5,3.7,59.8,108.7,0.2,22.3,58,4.4,3.6,63.2,180.6,0.2,0.38,3.2
138,2024-04-12 12:00:00,9.5,15,9.1,15.5,65,3.5,57.9,75,75,1.1,54.6,55,51.3,51,34,1,51.8,0.26,9.8,25,61.9,4.3,3.6,58.1,100.3,0.2,23.4,52.7,4.3,3.6,57.9,135.6,0.2,0.37,3.2
139,2024-04-12 14:00:00,9.6,15.64,8.8,15.6,66,3.5,56.9,75,76,1,54.5,55,51.3,51,35,1,51.9,0.27,9.9,22.2,55.1,4.9,3.9,60.7,209.6,0.2,22.5,59.7,4.7,3.8,60.9,94,0.2,0.37,3.2
140,2024-04-12 16:00:00,9.2,15.5,8.9,15.5,65,3.4,56.7,75,75,1.2,54.5,55,51.5,50,34,1,52.1,0.27,10,22.8,56.8,4.6,3.7,62.4,152.3,0.2,22.9,61.3,4.8,3.9,65.1,215.4,0.2,0.38,3.2
141,2024-04-12 18:00:00,9.4,15,8.9,15.4,66,3.4,58.3,75,74,1,55,55,51.5,50,35,1,52,0.26,9.9,22.6,53.8,4.6,3.7,59.5,105.1,0.2,21.7,54,5,3.9,64.4,93.5,0.2,0.37,3.2
142,2024-04-12 20:00:00,9.7,15,9,15.3,63,3.5,57,75,74,1,55,55,51,50,34,1,52,0.26,10,21.7,52.5,4.4,3.4,58.5,10.2,0.2,21,60,4.2,3.5,64,93.9,0.2,0.38,3.3
143,2024-04-12 22:00:00,9.7,15,9,15.2,65,3.4,57,75,74,1.1,55,55,51,50,34,1,52,0.28,9.9,23.4,52.5,4.3,3.7,58.3,201.1,0.2,21,61.4,4.8,3.8,64.6,99.3,0.2,0.34,3.3
144,2024-04-13 00:00:00,9.2,15,8.8,15.2,64,3.5,57,75,74,1.1,55,55,51,50,35,1,52,0.27,9.9,21,55.6,4.3,3.6,61.1,218.2,0.2,21.7,58.6,4.2,3.6,63.5,99.5,0.2,0.36,3.3
145,2024-04-13 02:00:00,9.4,15,9,15,65,3.5,57,75,75,1.2,54,55,51,51,33,1,52,0.27,9.9,24,55.3,4.6,3.7,61.5,125,0.2,23.8,58.9,4.5,3.7,62.7,93.3,0.2,0.37,3.3
146,2024-04-13 04:00:00,9.1,15,8.9,15.1,65,3.5,58,75,75,1.1,54,55,51,50,33,1,52,0.26,10,24.1,52.4,4.7,3.8,58,104.3,0.2,24.1,60.5,4.7,3.7,64.4,217.3,0.2,0.37,3.3
147,2024-04-13 06:00:00,9.3,15.4,8.6,15,66,3.5,57,75,75,1,55,52,51,50,35,1,52,0.26,9.9,21.7,53.1,4.3,3.6,58.7,210.3,0.2,22.5,57.5,4.1,3.5,62.5,160.4,0.2,0.37,3.3
148,2024-04-13 08:00:00,9.6,15.6,9.1,15.1,65,3.5,57,75,75,1.1,55,52,52,50,34,1,52,0.26,10,22.2,56.6,4.7,3.7,61.9,130.7,0.2,22.1,61,4.6,3.7,64.5,99.2,0.2,0.36,3.2
149,2024-04-13 10:00:00,9.6,15.5,8.8,15.2,65,3.4,58,75,75,1.2,55,53,51,50,34,1,52,0.27,10,18.2,52.6,5,3.9,58.1,101.2,0.2,20.6,58.5,4.8,3.8,63,90.6,0.2,0.35,3.2
150,2024-04-13 12:00:00,9.6,15.1,9.1,15.3,64,3.6,57,75,76,1.1,54,54,51,50,34,1,51,0.27,9.9,21.4,54.7,4.9,3.8,60,212,0.2,21.1,60.6,4.9,3.9,64.7,96.8,0.2,0.38,3.2
151,2024-04-13 14:00:00,9.6,15.6,9,15.3,65,3.4,58,75,76,1.1,55,54,51,51,34,1,52,0.27,10,25.2,55.1,4.4,3.6,61.3,114.6,0.2,23.1,60.3,4.8,3.9,63.8,193.6,0.2,0.37,3.2
152,2024-04-13 16:00:00,9.5,15.4,8.9,15.2,65,3.6,58,75,76,1.1,55,54,51,50,34,1,52,0.27,9.9,21.7,52.7,4.5,3.7,58.5,99.4,0.2,22.4,59.3,4.5,3.7,63.8,87.9,0.2,0.38,3.2
153,2024-04-13 18:00:00,9.4,15.4,9,15.1,64,3.5,58,75,75,1.2,55,55,51,50,33,1,52,0.27,9.9,22.5,51.6,3.8,3.4,57.8,164.8,0.2,24.3,59.9,4.7,3.6,63.8,89,0.2,0.38,3.2
154,2024-04-13 20:00:00,9.3,15.4,8.6,15,66,3.5,57,75,75,1,55,52,51,50,35,1,52,0.26,9.9,21.7,53.1,4.3,3.6,58.7,218,0.2,22.5,57.5,4.1,3.5,62.5,64,0.2,0.35,3.2
155,2024-04-13 22:00:00,9.6,15.5,8.7,15,65,3.5,57,75,75,1,55,54,51,50,34,1,52,0.26,9.8,21.5,56.6,4.6,3.7,62.1,202.5,0.2,21.7,59,4.4,3.6,63,89.8,0.2,0.36,3.2
156,2024-04-14 00:00:00,9.5,15,9,15,65,3.5,57,75,75,1,55,54,51,51,34,1,52,0.26,10,21.7,52.7,4.8,3.9,58.9,108.1,0.2,23.1,59.8,4.5,3.7,63.4,95.8,0.2,0.37,3.2
157,2024-04-14 02:00:00,9.3,15,9,15,65,3.5,57,75,75,1.2,54,55,51,50,33,1,52,0.26,10,21.8,56,4.6,3.7,61.5,223.3,0.2,22.9,61.3,4.6,3.8,65.1,105,0.2,0.38,3.3
158,2024-04-14 04:00:00,9.4,15,8.9,15,65,3.5,57.7,74,74,0.9,55,55,51,50,33,1,52,0.27,9.9,21.6,54.4,4.4,3.7,60.3,112.2,0.2,28.8,60.7,4.2,3.5,65.2,161,0.2,0.38,3.3
159,2024-04-14 06:00:00,9.4,15,8.9,15,65,3.5,57.7,74,74,0.9,55,55,51,50,33,1,52,0.27,9.9,19.5,55.4,4.6,3.8,60.7,117,0.2,20.5,64,4.4,3.7,63.9,99.1,0.2,0.38,3.2
160,2024-04-14 08:00:00,9.2,15.4,9.1,15,64,3.5,56,75,75,1,54,55,51,50,33,1,52,0.27,10,20.3,53.8,4.3,3.6,59.1,214.2,0.2,19.9,62,4.2,3.6,61.9,121.9,0.2,0.35,3.2
161,2024-04-14 10:00:00,9.3,15.5,9,15.1,65,3.5,53,75,75,1.2,55,55,52,52,33,1,52,0.27,10,26.3,57.4,4.5,3.6,62.3,166.4,0.2,26.3,59.8,4.4,3.6,63.9,94.5,0.2,0.36,3.2
162,2024-04-14 12:00:00,9.2,15.5,9,15.2,64,3.5,57,75,75,1.1,54,55,51,51,35,1,52,0.27,9.9,23.5,54,4.6,3.8,59.5,106.2,0.2,23.2,59.8,4.3,3.6,63.3,88.2,0.2,0.37,3.2
163,2024-04-14 14:00:00,9.4,15.5,9,15.2,65,3.6,57,75,75,1,55,55,51,50,34,1,52,0.27,9.9,24.1,52.4,4.5,3.8,58,201.6,0.2,23.3,60.5,4.7,3.8,63.9,209.8,0.2,0.36,3.2
164,2024-04-14 16:00:00,9.4,15.6,9,15.2,65,3.4,57,75,75,1.1,55,55,51,50,33,1,52,0.27,10,22,57.4,4.3,3.6,62.3,189.7,0.2,21.7,61.2,4.4,3.6,64.8,106.7,0.2,0.38,3.2
165,2024-04-14 18:00:00,9.4,15.6,8.9,15.2,65,3.4,57,75,74,1.1,54,55,51,50,33,1,52,0.26,10,21.6,56.6,4.6,3.7,62.1,138,0.2,22,62.2,4.7,3.7,65.9,114.8,0.2,0.37,3.2
166,2024-04-14 20:00:00,9.3,15.5,8.7,15.1,65,3.4,57,75,77,1.1,54,55,51,50,33,1,52,0.26,10,18.6,54,4.8,3.9,59.3,110.1,0.2,19.9,60.1,4.4,3.6,65.1,111.7,0.2,0.38,3.2
167,2024-04-14 22:00:00,9.5,15.5,8.9,15.2,65,3.4,57,75,74,1.1,54,55,51,52,33,1,52,0.27,10,21.6,56.6,4.6,3.7,62.1,217.3,0.2,22,62.2,4.7,3.7,65.9,100.3,0.2,0.37,3.2
168,2024-04-15 00:00:00,9.4,15.6,8.9,15.2,65,3.4,57,75,74,1.1,54,55,51,52,34,1,52,0.26,10,21.6,56.6,4.6,3.7,62.1,138,0.2,22,62.2,4.7,3.7,65.9,114.8,0.2,0.34,3.2
169,2024-04-15 02:00:00,9.3,15.8,9,15,64,3.4,56.7,75,75,1,54.6,55,51,50,35,1,52,0.27,9.9,23.2,56.9,4.8,3.8,61.7,224.8,0.2,21.7,63.2,4.7,3.7,66.4,163,0.2,0.38,3.3
170,2024-04-15 04:00:00,9.3,15.8,9,15,64,3.4,56.7,75,75,1,54.6,55,51,50,35,1,52,0.28,10,23.3,53,5,4,58,191.1,0.2,21.8,59.4,4.9,3.8,62.6,93.3,0.2,0.37,3.3
171,2024-04-15 06:00:00,9.5,15.5,8.9,15,64,3.5,56.7,75,75,1,54.6,55,51,51,35,1,52,0.26,9.8,23,56,4.3,3.6,61.4,223,0.2,23.7,57.6,4.4,3.6,62.4,162.2,0.2,0.37,3.3
172,2024-04-15 08:00:00,9.3,15.6,9.1,15,65,3.5,56.7,75,75,1.1,54,55,51,50,34,1,52,0.27,9.9,25.1,54.7,4.2,3.6,60.6,117.3,0.2,24.9,59.5,4.2,3.6,63.5,207.4,0.2,0.36,3.2
173,2024-04-15 10:00:00,9.4,15.5,8.9,15,64,3.4,58,75,74,1.2,54,55,50,50,34,1,51,0.27,9.9,17,53.6,4.3,3.6,58.6,104,0.2,17.8,61.6,4.6,3.7,65.7,142.6,0.2,0.38,3.2
174,2024-04-15 12:00:00,9.2,15.6,8.9,15,65,3.5,56,75,75,1.2,55,55,51,50,35,1,52,0.27,9.9,25.8,54.5,4.6,3.7,59,207.5,0.2,25.6,62.1,4.5,3.7,65.7,120.2,0.2,0.35,3.1
175,2024-04-15 14:00:00,9.2,15.6,8.9,15.3,64,3.5,57,75,75,1.1,53,55,49,50,35,1,50,0.27,10,24.1,52.3,4.3,3.6,57.9,186.5,0.2,24,58,4.3,3.7,62.4,169.7,0.2,0.37,3.1
176,2024-04-15 16:00:00,9.4,15.6,9,15.3,64,3.5,56,75,75,1.2,54,55,51,50,34,1,52,0.27,9.9,20.1,54.9,4.2,3.6,60,210.7,0.2,21.8,60.4,4.3,3.7,65.1,100.6,0.2,0.36,3.1
177,2024-04-15 18:00:00,9.4,15.4,8.9,15.2,64,3.6,54,75,75,1.1,54,55,51,50,34,1,52,0.26,10,22.4,57.1,4.6,3.8,62,207.9,0.2,23.3,60.8,4.7,3.9,64.9,88.5,0.2,0.37,3.1
178,2024-04-15 20:00:00,9.1,15.6,9.1,15.3,64,3.5,58,75,75,1.1,54,55,51,51,35,1,52,0.27,10,20.8,54.2,4.2,3.5,59,106.1,0.2,21.5,59.1,4.1,3.5,63.9,87.6,0.2,0.36,3.1
179,2024-04-15 22:00:00,9.2,15.6,8.9,15.2,65,3.5,58,75,75,1.1,54,55,51,50,33,1,52,0.27,9.9,22.5,52.2,4.5,3.7,57.9,195,0.2,23,61,4.6,3.7,65.5,116.8,0.2,0.37,3.1
180,2024-04-16 00:00:00,9.6,15.5,8.8,15.2,64,3.5,57,75,75,1.1,55,55,51,51,34,1,52,0.27,9.9,20.4,56.8,4.6,3.8,62.3,168.1,0.2,22.1,58.3,4.8,3.8,62.9,86,0.2,0.34,3.2
181,2024-04-16 02:00:00,9.6,15.6,8.9,15.2,66,3.5,57,75,75,1,54.6,55,51,51,35,1,52,0.26,10.1,23.2,56.3,4.7,3.7,62.1,134.3,0.2,24.5,58.3,4.6,3.7,62.4,88.1,0.2,0.38,3.3
182,2024-04-16 04:00:00,9.3,15.6,8.9,15.2,66,3.5,57,75,75,1,54.6,55,51,50,34,1,52,0.26,9.9,23,53.8,4.4,3.7,59.3,105.4,0.2,22.9,58.5,4.5,3.7,62.5,86.3,0.2,0.37,3.3
183,2024-04-16 06:00:00,9.6,15.6,8.9,15.2,66,3.5,57,75,75,1,54.6,55,51,50,35,1,52,0.27,9.9,21.4,56.4,4.2,3.6,61.3,218.4,0.2,21.8,61.5,4.1,3.5,65,218,0.2,0.38,3.3
184,2024-04-16 08:00:00,9.6,15.6,8.9,15.2,65,3.4,56,75,75,1.1,54,55,51,50,34,1,52,0.27,9.9,24.4,56,4.1,3.6,61.2,216.8,0.2,24.5,61.8,4.1,3.5,62.2,215.5,0.2,0.35,3.2
185,2024-04-16 10:00:00,9.3,15.8,9,15.4,65,3.5,55,75,75,1,54,55,52,50,34,1,52,0.27,9.9,24.7,55.8,4.4,3.7,61.4,113.1,0.2,24,61.2,4.7,3.8,64.6,91.9,0.2,0.36,3.2
186,2024-04-16 12:00:00,9.2,15.7,8.9,15.6,65,3.5,58,75,74,1,54,55,51,50,34,1,52,0.27,9.9,23,53,4.6,3.7,59,98.8,0.2,23,59.4,4.6,3.7,63.3,85.2,0.2,0.37,3.2
187,2024-04-16 14:00:00,9.3,15.7,8.9,15.6,65,3.5,57,75,74,1,55,55,51,50,34,1,52,0.27,9.9,22.3,54.4,4.4,3.7,59.1,203.9,0.2,22.7,62.2,4.5,3.7,65.6,171.3,0.2,0.36,3.2
188,2024-04-16 16:00:00,9.3,15.7,8.8,15.7,65,3.6,57,74,75,1.2,55,55,51,50,34,1,52,0.27,10,21.1,54.7,4.8,3.9,60,207.8,0.2,21.9,61,4.5,3.8,65.7,99.8,0.2,0.38,3.2
189,2024-04-16 18:00:00,9.2,15.7,8.9,15.5,65,3.5,57,74,75,1.1,55,55,51,50,34,1,52,0.27,9.9,22.2,55.9,4.5,3.6,61.3,214.3,0.2,22.1,58.2,4.3,3.6,62.7,85.2,0.2,0.37,3.2
190,2024-04-16 20:00:00,9.3,15.4,9,15.4,65,3.4,58,75,75,1.1,55,54,51,50,34,1,52,0.3,9.9,24.8,55.5,4.5,3.6,60.5,113.8,0.2,24,59.2,4.6,3.7,62.3,54.8,0.2,0.38,3.2
191,2024-04-16 22:00:00,9.7,15.6,8.9,15.3,65,3.5,57,75,75,1.1,53,54,49.1,51,34,1,50.2,0.28,10,20.7,54.8,4.4,3.6,60.6,111.3,0.2,21.5,59.9,4.4,3.6,64.3,96.2,0.2,0.37,3.2
192,2024-04-17 00:00:00,9.7,15.6,8.9,15.3,65,3.5,57,75,75,1.1,53,54,49.1,50,34,1,50.2,0.26,9.9,20.4,53,4.5,3.7,58.2,100.9,0.2,20.8,62,4.7,3.7,65.8,109.4,0.2,0.35,3.3
193,2024-04-17 02:00:00,9.4,15.7,9.1,15.3,64,3.6,57,75,75,1,53,55,51.6,50,35,1,52.1,0.28,9.9,24,54.9,4.5,3.7,60,217.7,0.2,24.5,59.8,4.7,3.7,64,98.8,0.2,0.38,3.3
194,2024-04-17 04:00:00,9.5,15.6,9,15.3,64,3.5,58,75,75,1,53,55,51.6,51,35,1,52.1,0.27,10,22.9,56.8,4.3,3.7,62,126.6,0.2,23.4,60.1,4.3,3.6,60,93.3,0.2,0.37,3.3
195,2024-04-17 06:00:00,9.6,15.6,9,15.3,64,3.5,58,75,75,1,53,55,51.6,50,35,1,52.1,0.27,9.9,22,59.1,4,3.7,59,104.8,0.2,23.8,60.4,4.9,3.8,64.1,94.8,0.2,0.38,3.3
196,2024-04-17 08:00:00,9.3,15.8,9.1,15.4,64,3.4,58,75,74,1.1,55,55,51.6,50,35,1,52.1,0.26,10,24.4,53.3,4.3,3.8,58.2,197,0.2,24.9,60.3,4.7,3.7,63.9,91.1,0.2,0.35,3.2
197,2024-04-17 10:00:00,9.2,15.8,8.9,15.6,65,3.6,56,75,75,1,55,55,51.6,51,34,1,52.1,0.26,9.9,22.1,56.5,4.8,3.8,61.5,213.5,0.2,22.1,58.2,4.7,3.7,62.7,86.4,0.2,0.37,3.2
198,2024-04-17 12:00:00,9.4,15.9,9,15.7,65,3.5,57,75,75,1,54,55,51,50,35,1,52.1,0.27,10,22.3,55.8,4.7,3.8,61.6,119,0.2,22.3,61.7,4.7,3.7,65.5,221.3,0.2,0.35,3.2
199,2024-04-17 14:00:00,9.1,16,8.9,15.9,66,3.5,58,75,75,0.9,55,55,52,50,34,1,52.1,0.27,10,25.3,54,4.7,3.7,58.9,100.1,0.2,25.1,60.3,4.7,3.8,63.7,194.4,0.2,0.38,3.2
200,2024-04-17 16:00:00,9.3,15.9,8.8,16,66,3.5,58,75,75,1.1,55,55,52,50,35,1,52.1,0.27,9.9,22.9,55.8,4.7,3.7,61.9,118.4,0.2,23.1,58.5,4.8,3.8,63.2,87.6,0.2,0.36,3.2
201,2024-04-17 18:00:00,9.3,15.9,9,15.9,65,3.5,57,75,75,1.1,55,55,52,50,35,1,52.1,0.26,9.9,23.6,53.1,4.3,3.6,59.2,201.6,0.2,23.3,60.1,4.5,3.7,64.5,94.8,0.2,0.37,3.2
202,2024-04-17 20:00:00,9.3,15.9,9,15.8,64,3.5,56,75,75,1.1,55,55,52,50,33,1,52.1,0.26,9.9,21.8,56.3,4.4,3.7,62.1,205.2,0.2,21.6,59.3,4.4,3.7,59.4,91.2,0.2,0.38,3.3
203,2024-04-17 22:00:00,9.7,15.8,8.9,15.8,65,3.5,57,75,75,1,55,55,51,50,33,1,52,0.27,10,20.7,57.1,4.7,3.8,62.3,171,0.2,21.2,59,4.6,3.7,63.5,86.3,0.2,0.37,2.4
204,2024-04-18 00:00:00,9.4,15.9,8.9,15.8,65,3.5,57,75,75,1.1,55,55,51,50,33,1,52,0.27,9.9,22,55.2,4.4,3.7,60.9,107.7,0.2,22.7,61.2,4.3,3.6,65.2,213.3,0.2,0.35,3.2
205,2024-04-18 02:00:00,9.6,15.7,9.1,15.3,64,3.6,57,75,75,1,53,55,51.6,50,35,1,52.1,0.26,10,23.4,52.2,4.6,3.7,58,195.2,0.2,23.2,60.7,4.6,3.8,65,96.2,0.2,0.38,3.3
206,2024-04-18 04:00:00,9.2,15.7,8.9,15.7,65,3.5,57,75,75,1,55,55,52,50,35,1,52.1,0.26,10,25.2,56.3,5.1,3.9,61.4,213.7,0.2,24.5,60.6,5,3.9,64.2,88.1,0.2,0.38,3.3
207,2024-04-18 06:00:00,9.6,15.6,8.9,15.7,65,3.5,57,75,75,1,55,55,52,50,35,1,52.1,0.28,9.9,20.3,54.3,4.3,3.6,59.1,205,0.2,20.7,61,4.2,3.5,65.6,149.1,0.2,0.37,3.3
208,2024-04-18 08:00:00,9.6,16,9,15.7,65,3.4,57,75,75,1.1,55,55,52,50,35,1,52.1,0.27,9.9,25.2,53.6,4.3,3.6,59.5,101.3,0.2,25.4,60.1,4.2,3.5,64.8,91.7,0.2,0.36,3.2
209,2024-04-18 10:00:00,9.2,16,8.8,15.8,66,3.5,55,75,75,1.1,55,55,52,50,34,1,52.1,0.26,9.9,26.2,52.5,4.6,3.7,58.5,99.2,0.2,25.7,60.3,4.3,3.6,65.2,98.6,0.2,0.35,3.2
210,2024-04-18 12:00:00,9.5,16,9.1,15.9,65,3.5,57,75,75,1.1,55,55,52,50,34,1,52.1,0.26,9.9,24.7,55.6,4.3,3.6,60.9,209.2,0.2,25.1,59.6,4.4,3.6,63.8,89.2,0.2,0.38,3.2
211,2024-04-18 14:00:00,9.4,16.9,9,16.1,64,3.6,57,75,76,1.1,55,55,51,50,34,1,52.1,0.27,9.9,21.5,56.4,4.6,3.7,62.2,127.6,0.2,22.1,58.9,4.4,3.7,63.6,87.9,0.2,0.37,3.2
212,2024-04-18 16:00:00,9.3,16.2,9.1,16.1,66,3.5,58,75,75,1.1,55,55,52,50,35,1,52.1,0.27,10,25,54.2,4.2,3.6,60.1,103.2,0.2,24.8,58.7,4.2,3.5,63.6,88.6,0.2,0.36,3.2
213,2024-04-18 18:00:00,9.4,16,9,16.1,65,3.4,58,75,75,1,55,55,52,50,35,1,52.1,0.27,9.9,25.9,56,4.2,3.5,61.6,115.7,0.2,25.7,60.6,4.3,3.5,64.3,92.3,0.2,0.35,3
214,2024-04-18 20:00:00,9.5,16,9.1,15.9,65,3.5,58,75,75,1,55,55,51,50,35,1,52,0.28,9.9,21.7,53.5,4.3,3.7,58.5,101.8,0.2,21.9,61.6,4.5,3.8,64.9,95,0.2,0.36,3
215,2024-04-18 22:00:00,9.5,16,8.7,15.9,66,3.4,57,75,75,1,55,55,52,50,35,1,52,0.27,9.9,24.9,54.8,4.5,3.7,60.1,209.1,0.2,24.6,59.9,4.5,3.7,64.1,91.2,0.2,0.37,3
216,2024-04-19 00:00:00,9.3,16,9,15.9,64,3.4,57,75,75,1,55,55,52,50,35,1,52,0.27,10.1,25,57.2,4.9,3.9,62.4,148.8,0.2,24.9,59.2,4.5,3.8,63.3,91,0.2,0.38,3
217,2024-04-19 02:00:00,9.5,15.8,8.6,15.6,65,3.6,57.9,75,75,1.1,55,55,51.7,50,33,1,52,0.28,10,23.3,56.1,4.7,3.9,61.8,124,0.2,23.6,59.8,4.4,3.8,64.7,95.2,0.2,0.38,3.2
218,2024-04-19 04:00:00,9.2,15.9,8.8,15.8,66,3.6,57.9,75,75,1.1,55,55,51.7,50,34,1,52,0.28,10,22.9,52.2,4.4,3.6,57.9,124,0.2,23,61,4.9,3.7,64.7,95.2,0.2,0.37,3.2
219,2024-04-19 06:00:00,9.3,15.9,8.8,15.8,66,3.6,57.9,75,75,1.1,55,55,51.7,50,34,1,52,0.27,10,22.2,52.7,4.5,3.6,58.4,103.2,0.2,22,59.4,4.4,3.6,63.7,94.3,0.2,0.37,3.2
220,2024-04-19 08:00:00,9.2,16,8.9,15.9,65,3.4,55,75,75,1.1,55,55,51.7,50,34,1,52,0.27,9.9,24.3,55,4.3,3.6,60.4,209.7,0.2,24.3,61,4.5,3.7,65.9,121.3,0.2,0.36,3.1
221,2024-04-19 10:00:00,9.4,16.1,8.9,16.1,65,3.5,58,75,75,1.1,54,55,50,50,34,1,51,0.27,9.9,24.3,53.5,4.4,3.6,59.7,102.9,0.2,23.6,60.7,4.3,3.6,64.5,93.5,0.2,0.35,3.2
222,2024-04-19 12:00:00,9.4,16.2,8.8,16.4,66,3.5,56,75,75,1.1,54,55,52,50,34,1,52,0.27,10,24.8,52.7,4.8,3.8,58.4,97.7,0.2,24.6,61,4.8,3.8,64.5,99.9,0.2,0.38,3.2
223,2024-04-19 14:00:00,9.3,16.2,9,16.4,65,3.6,57,75,75,1,54,55,51,50,34,1,51,0.26,9.9,23.2,54.6,4.4,3.8,60.1,203.8,0.2,23.6,64.7,4.2,3.6,64.7,95.3,0.2,0.35,3.2
224,2024-04-19 16:00:00,9.4,16.2,9,16.4,65,3.6,53,75,75,1.1,54,55,50,50,35,1,51,0.27,9.9,25,56.9,4.6,3.7,62.1,199.5,0.2,25.4,60.7,4.3,3.6,65.4,107.4,0.2,0.37,3.2
225,2024-04-19 18:00:00,9.3,16.1,9.1,16.3,64,3.4,55,75,75,1.1,53,55,50,50,34,1,51,0.28,10,25.9,55.3,4.2,3.5,60.9,106,0.2,26.3,55.3,4.2,3.6,64.9,96.4,0.2,0.36,3.2
226,2024-04-19 20:00:00,9.2,16.1,9,16.2,64,3.4,55,75,75,1.2,54,55,50,50,33,1,51,0.26,10,24.4,55,4.6,3.6,61.2,114,0.2,24.9,58.2,4.7,3.7,62.7,155.6,0.2,0.37,3.2
227,2024-04-19 22:00:00,9.8,16.2,9.1,16.1,65,3.4,58,75,75,1.1,54,55,51,50,34,1,51,0.27,10,23.9,54,4.2,3.6,59.9,105.7,0.2,24.4,59.7,4.2,3.6,63.9,93.8,0.2,0.38,3.2
228,2024-04-20 00:00:00,9.3,16.1,9.1,16.1,65,3.4,58,75,75,1.2,55,55,51,50,33,1,52,0.27,9.8,23.2,52.5,4.2,3.6,58.1,195.2,0.2,24.7,57.6,4.1,3.5,62.5,150.1,0.2,0.37,3.2
229,2024-04-20 02:00:00,9.3,16.1,9,16,65,3.4,58,75,75,1.1,55,55,51.7,50,33,1,52.3,0.26,9.9,24.7,53.5,4.3,3.7,58.6,203.8,0.2,24.7,59.3,4.3,3.6,63.4,90,0.2,0.38,3.2
230,2024-04-20 04:00:00,9.4,16.1,8.9,16,65,3.4,58,75,75,1.1,55,55,51.7,50,33,1,52.3,0.27,9.9,24.4,56.6,4.6,3.8,62.1,127.1,0.2,23.7,60.1,4.6,3.8,63.4,89,0.2,0.37,3.2
231,2024-04-20 06:00:00,9.5,16.1,9,16,65,3.4,58,75,75,1.1,55,55,51.7,50,33,1,52.3,0.26,9.8,23.9,57,4.6,3.8,62.4,140,0.2,23.9,65.5,4.6,3.8,65.7,220.7,0.2,0.38,3.2
232,2024-04-20 08:00:00,9.5,16.2,9,16.1,65,3.5,57,75,76,1,55,55,51.7,50,34,1,52.3,0.27,9.9,20.6,52.8,4.5,3.7,57.9,113.2,0.2,20.3,62.4,4.6,3.7,66.7,129.2,0.2,0.35,3.2
233,2024-04-20 10:00:00,9.4,16.2,8.9,16.2,65,3.6,57,75,76,1,55,55,51.7,50,35,1,52.3,0.27,9.9,21.9,52.8,4.6,3.7,58.3,98.4,0.2,23,58.7,4.7,3.7,63.7,89.7,0.2,0.37,3.2
234,2024-04-20 12:00:00,9.5,16.3,8.9,16.4,65,3.5,57,75,76,1,55,55,51.7,50,34,1,52.3,0.27,9.9,23.3,54.7,4.6,3.7,59.9,202.9,0.2,23.5,59.4,4.7,3.8,63.8,90.4,0.2,0.38,3.2
235,2024-04-20 14:00:00,9.5,16.3,8.9,16.4,66,3.5,57,75,75,1,55,55,51.7,50,34,1,53,0.27,9.9,23.8,56,4.8,3.8,61.3,206.9,0.2,23.5,59.5,4.8,3.8,63.5,89,0.2,0.36,3.3
236,2024-04-20 16:00:00,9.4,16.4,9,16.4,65,3.6,58,75,75,1.1,55,55,51.7,50,3.4,1,53,0.27,9.9,24,56.1,4.5,3.8,62.2,128.6,0.2,24.2,59.9,4.2,3.6,65,107.2,0.2,0.35,3.3
237,2024-04-20 18:00:00,9.5,16.3,9.1,16.3,64,3.6,58,75,76,1,55,55,51.7,50,34,1,53,0.27,9.8,23.9,55.6,4.4,3.7,61.4,116,0.2,24,60.6,4.2,3.5,65,99.7,0.2,0.35,3.3
238,2024-04-20 20:00:00,9.3,16.2,9,16.2,64,3.6,58,73,75,1.1,55,55,51.7,51,35,1,52,0.26,10,25.9,53.3,4.3,3.6,59.5,105.1,0.2,26.5,58.4,4,3.5,63.1,91.1,0.2,0.36,3.3
239,2024-04-20 22:00:00,9.4,16.1,8.8,16.1,64,3.6,58,73,75,1.1,55,55,51.7,50,33,1,52,0.27,10,18.4,53,4.5,3.7,58.5,102.3,0.2,20,59.1,4.6,3.7,63.4,92.3,0.2,0.37,3.3
240,2024-04-21 00:00:00,9.3,16.1,8.8,16.1,64,3.6,58,73,75,1.1,55,55,51.7,50,33,1,52,0.26,10,22.8,54.2,4.2,3.6,59.3,210.8,0.2,23.1,60.3,4,3.6,65.1,112.4,0.2,0.38,3.3
241,2024-04-21 02:00:00,9.2,16.2,8.9,15.9,65,3.4,57,75,75,1,55,55,52,50,33,1,52.3,0.27,10,26.2,54.8,5.4,4.1,59.9,213.8,0.2,24.3,62.4,5.1,4.1,65.6,181.5,0.2,0.38,3.2
242,2024-04-21 04:00:00,9.1,16.2,8.8,15.9,65,3.5,57,75,75,1,55,55,51.8,50,34,1,52.5,0.27,9.9,24.7,55.6,4.7,3.8,60.3,214.7,0.2,24.8,59.5,4.6,3.7,63.2,91.5,0.2,0.35,3.2
243,2024-04-21 06:00:00,9.6,16.2,9.1,15.9,65,3.5,58,75,75,1,55,55,51.8,52,35,1,52,0.27,9.9,24.5,53.5,4.2,3.6,58.3,103.1,0.2,25.4,59.1,4.2,3.5,63.7,96.8,0.2,0.36,3.2
244,2024-04-21 08:00:00,9.3,16.1,9,16.1,66,3.5,56,75,75,1.1,55,55,51.8,52,34,1,53,0.27,9.9,20.8,55,4.7,3.8,60.4,109.2,0.2,21.8,61.2,4.6,3.7,65.6,105.8,0.2,0.38,3.2
245,2024-04-21 10:00:00,9.5,16.4,9.1,16.3,66,3.5,57,75,75,1.1,55,55,51.8,52,34,1,52,0.27,9.9,24.6,52.9,4.5,3.7,58.7,101.1,0.2,24.3,61.7,4.5,3.7,65.6,103.5,0.2,0.37,3.2
246,2024-04-21 12:00:00,9.5,16.4,9.1,16.5,66,3.5,58,75,75,1.1,55,55,51.8,52,34,1,52,0.27,9.9,25.9,52.1,4.3,3.7,57.9,113.5,0.2,25.4,61.2,4.3,3.6,65.5,96.3,0.2,0.35,3.2
247,2024-04-21 14:00:00,9.3,16.4,8.9,16.6,66,3.5,58,75,75,1.2,55,55,51.8,52,34,1,53,0.27,9.9,24.6,54.1,4.7,3.8,59.7,202.3,0.2,24.2,60.3,4.7,3.8,64.7,97.4,0.2,0.36,3.3
248,2024-04-21 16:00:00,9.5,16.3,9,16.6,65,3.4,57,75,75,1,55,55,51.8,50,35,1,53,0.27,9.9,26.9,54.8,4.3,3.5,60,205.6,0.2,26.7,62.2,4.4,3.6,66,109.5,0.2,0.37,3.3
249,2024-04-21 18:00:00,9.4,16.3,9,16.4,65,3.5,57,75,75,1.1,55,55,51.8,50,34,1,53,0.27,10,23.9,54.8,4.5,3.7,60.2,206.5,0.2,24,59.3,4.4,3.6,64.3,96.9,0.2,0.38,3.3
250,2024-04-21 20:00:00,9.4,16.3,9.1,16.2,65,3.5,57,75,75,1.1,55,55,51.8,51,33,1,53,0.28,9.9,23.4,56,4.2,3.7,61.8,213,0.2,24.1,60.4,4.3,3.6,64.9,123.2,0.2,0.37,3.3
251,2024-04-21 22:00:00,9.3,16.3,9,16.2,64,3.6,58,75,75,1.1,55,55,51.8,51,33,1,52,0.26,10,25,55.1,4.5,3.7,60.9,116.2,0.2,25.3,63,4.3,3.6,66.6,169.7,0.2,0.36,3.3
252,2024-04-22 00:00:00,9.7,16.3,9.1,16.1,65,3.5,58,75,75,1.1,55,55,51.8,51,34,1,52,0.27,9.9,23.2,55.1,4,3.5,60.9,112.2,0.2,24.5,58.4,4.1,3.5,63.2,92.9,0.2,0.37,3.3
253,2024-04-22 02:00:00,9.4,16.3,9,16,64,3.5,57,75,75,1.1,55,55,52,50,34,1,52.3,0.27,10,23.9,55.2,4.3,3.7,61.4,120.2,0.2,24.3,60.3,4.1,3.5,65.3,112.5,0.2,0.38,3.2
254,2024-04-22 04:00:00,9.3,16.3,8.9,16,65,3.6,58,75,75,1,55,55,52,50,33,1,52,0.26,9.9,27.5,54.3,4.2,3.7,59.7,106.2,0.2,25.5,60.1,4.6,3.8,63.2,90.5,0.2,0.37,3.2
255,2024-04-22 06:00:00,9.4,16.1,9,16,64,3.6,58,75,75,1,55,55,52,50,35,1,52,0.26,9.8,23.3,53.6,4.4,3.7,58.9,205.4,0.2,23.6,63.2,4.1,3.5,63.1,91.6,0.2,0.37,3.2
256,2024-04-22 08:00:00,9.5,16.5,9.1,16.3,65,3.5,57,75,75,1.1,55,55,52,50,34,1,52,0.27,9.9,23.7,55.1,4.3,3.6,61.2,22.3,0.2,24,61.2,4.5,3.7,65.6,132.5,0.2,0.35,3.2
