,Дата,Блок манифольда|P бм  |кгс/см²,Блок манифольда|t жидкости| °С,С-1|P сеп. |кгс/см²,С-1|t жидкости |°С,С-1|L жидкости| см,С-2|P сеп. |кгс/см²,С-2|t жидкости|°С,С-2|L межфазный|см,С-2|L нефти|см,ОН-1|t жидкости|°С,ОН-1|L межфазный|см,ОН-1|P отс. |кгс/см²,С-3|t жидкости|°С,С-3|L нефти|см,П-1|Т нефти на входе|°С,П-1|Т нефти на выходе|°С,П-1|Р нефти на входе|кгс/см²,П-1|Р нефти на выходе|кгс/см²,П-1|Т теплоно-сителя|°С,П-1|Т дымовых газов|°С,П-1|Р на горелку|кгс/см2,П-2|Т нефти на входе|°С,П-2|Т нефти на выходе|°С,П-2|Р нефти на входе|кгс/см²,П-2|Р нефти на выходе|кгс/см²,П-2|Т теплоно-сителя|°С,П-2|Т дымовых газов|°С,П-2|Р на горелку|кгс/см3,БЕВ-1|L воды|см,БЕВ-1|V воды|м3,БЕВ-1|V нефти,БЕВ-1|t воды,Расход пресной воды
1,2023-03-01 00:00:00,6.6,15,6.4,14,66,4.8,54,64,75,1.1,45,53,40,9,15.8,54,5.2,4.9,57.9,145.7,0,16,56.2,5.2,5,59.3,187.7,0,191,68.282,0,33,4.2
2,2023-03-01 02:00:00,6.4,15,6.2,14,65,4.8,54,64,75,1.2,48,53,40,9,15.2,54.7,5.3,5,58.6,158,0,15.4,56.2,5.1,4.8,59.6,139,0,120,37.909,0,33,4.2
3,2023-03-01 04:00:00,6.5,15,6.3,14,66,4.8,54,64,75,1.2,47,53,40,9,15.9,52,5.3,5,56,171,0,16,53.3,5.2,4.9,56.7,141.7,0,137,45.176,0,33,4.2
4,2023-03-01 06:00:00,6.4,15,6.2,14,66,4.8,54,64,75,1.2,48,53,40,9,16,53,5.3,4.9,57.2,128.3,0,16.2,54.2,5.2,4.9,57.7,132.6,0,154,52.515,0,33,4.2
5,2023-03-01 08:00:00,6.7,15,6,14,66,4.7,54,64,75,1.3,49,53,40,9,16,52.7,5.3,4.9,57.2,126.6,0,16.3,55.5,5.2,4.9,59.4,151.7,0,171,59.832,0,33,4.2
6,2023-03-01 10:00:00,6.6,15,6.2,14,66,4.8,54,64,75,1.3,49,53,40,9,15.8,54.9,5.3,4.9,58.9,136.5,0,16.1,53.8,5.2,4.9,57.1,131.6,0,188,67.031,0,33,4.2
7,2023-03-01 12:00:00,6.4,15,6.2,14,66,4.7,53,64,75,1.1,49,53,40,9,15.8,55.5,5.3,4.9,59.1,138.6,0,16.2,56.8,5.2,4.9,59.9,184.6,0,201,72.394,0,33,4.2
8,2023-03-01 14:00:00,6.5,15,6.3,14,66,4.8,54,64,75,1.1,49,53,40,9,15.7,55.2,5.3,4.9,59.4,162.7,0,15.9,52.8,5.2,4.9,56.4,131.2,0,220,79.902,0,33,4.2
9,2023-03-01 16:00:00,6.7,15,6.1,14,66,4.7,53,64,75,1.3,49,53,40,9,15.6,54.6,5.3,4.9,58.3,253.9,0.2,16,56.5,5.2,4.9,59.7,200.2,0,99,29.18,0,33,4.3
10,2023-03-01 18:00:00,6.7,15,6.2,14,66,4.7,54,64,75,1,48,53,40,9,16.2,53,5.3,4.9,56.7,251.2,0.2,16.5,54.2,5.2,4.9,56.8,130.8,0,117,36.642,0,33,4.4
11,2023-03-01 20:00:00,6.8,15,6.2,14,66,4.7,54,64,75,1.3,47,53,40,9,15.8,53.9,5.2,4.8,57.9,255,0,16.2,55,5.2,4.9,58.9,144,0,135,44.315,0,33,4.4
12,2023-03-01 22:00:00,6.6,15,6.2,14,66,4.7,54,64,75,1.3,47,53,40,9,15.9,54,5.2,4.9,58,223.3,0,16,55.2,5.2,4.9,58.9,144,0,148,49.922,0,33,4.4
14,2023-03-02 00:00:00,6.6,15,6.3,14,66,4.7,54,64,75,1.3,47,53,40,9,15.9,55.2,5.2,4.9,58.8,201.3,0,16.2,55.5,5.2,4.9,59,174.7,0,172,60.26,0,33,4.2
15,2023-03-02 02:00:00,6.4,15,6.2,14,65,4.8,54,64,75,1.2,48,53,40,9,15.2,54.7,5.3,5,58.6,158,0,15.4,56.2,5.1,4.8,59.6,139,0,185,65.773,0,33,4.2
16,2023-03-02 04:00:00,6.6,15,6.2,14,66,4.8,54,64,75,1.2,48,53,40,9,16.1,53.2,5.3,4.9,57.6,256,0,16.1,52,5.2,4.9,55.6,130,0,102,30.403,0,33,4.2
17,2023-03-02 06:00:00,6.7,15,6.1,14,65,4.8,54,64,75,1.2,48,53,40,9,16,52.5,5.3,4.9,55.9,236,0,16,51,5.2,4.9,55.2,128.9,0,117,36.642,0,33,4.2
18,2023-03-02 08:00:00,6.4,15,6.2,14,65,4.7,54,64,75,1.3,49,53,40,9,15.7,55.1,5.3,4.9,59,257.5,0.2,16,52.4,5.2,4.9,55.6,128.6,0,137,45.176,0,33,4.2
19,2023-03-02 10:00:00,6.4,15,6.1,14,65,4.8,54,64,75,1.4,49,53,40,9,16.6,53.6,5.3,4.9,58,255.5,0.2,16.8,54.1,5.2,4.9,57.8,134.6,0,152,51.651,0,33,4.2
20,2023-03-02 12:00:00,6.7,15,6.5,14,65,4.8,53,64,75,1.2,49,53,40,9,16.5,54.3,5.3,4.9,58.4,254.9,0.2,16.6,56.7,5.2,4.9,60,176.4,0,167,58.117,0,33,4.2
21,2023-03-02 14:00:00,6.6,15,6.3,14,65,4.7,54,64,75,1.2,49,53,40,9,15.5,51.3,5.3,4.9,55,229.1,0.2,15.9,54,5.2,4.9,57.2,131.7,0,177,62.391,0,33,4.2
22,2023-03-02 16:00:00,6.6,15,6.4,14,65,4.7,54,64,75,1.2,49,53,40,9,16.5,51.4,5.3,4.9,55.7,120.7,0,16.7,53.9,5.2,4.9,57.6,267.5,0,197,70.761,0,33,4.3
23,2023-03-02 18:00:00,6.8,15,6.3,14,65,4.7,54,64,75,1.2,49,53,40,9,15.5,52.2,5.3,4.9,55.5,120.7,0,15.8,53.2,5.2,4.9,55.8,128.2,0,212,76.797,0,33,4.4
24,2023-03-02 20:00:00,6.4,15,6.2,14,65,4.7,54,64,75,1.2,49,53,40,9,15.8,53,5.3,4.8,55.9,147.8,0,15.9,53.5,5.2,4.9,56,131.1,0,229,83.277,0,33,4.4
25,2023-03-02 22:00:00,6.6,15,6.2,14,65,4.7,54,64,75,1.2,49,53,40,9,16,53.1,5.3,4.8,56,152,0,15.8,53.4,5.2,4.9,55.8,125.7,0,120,37.909,0,33,4.4
27,2023-03-03 00:00:00,6.5,15,6.2,14,65,4.7,54,64,75,1.2,49,53,40,9,16.1,53.5,5.3,4.8,56.3,164.5,0,16,54,5.2,4.9,56,136.7,0,141,46.899,0,33,4.2
28,2023-03-03 02:00:00,6.4,15,6.2,14,65,4.8,54,64,75,1.2,48,53,40,9,15.2,54.7,5.3,5,58.6,158,0,15.4,56.2,5.1,4.8,59.6,139,0,156,53.379,0,33,4.2
29,2023-03-03 04:00:00,6.4,15,6.2,14,65,4.8,54,64,75,1.2,48,53,40,9,16.3,52.9,5.3,4.9,56.5,253.8,0,16.2,53.5,5.3,5,56.8,260.5,0,171,59.832,0,33,4.2
30,2023-03-03 06:00:00,6.6,15,6.3,14,66,4.8,54,64,75,1.2,48,53,40,9,16.1,53,5.3,4.9,57,255.1,0,16.3,54.2,5.3,5.1,57.1,258.1,0,187,66.613,0,33,4.2
31,2023-03-03 08:00:00,6.5,15,6.2,14,66,4.7,54,64,75,1.2,45,53,40,9,15.9,53.3,5.3,4.9,57.1,128.1,0,16.3,55.6,5.3,5.1,58.6,140.6,0,203,73.205,0,33,4.2
32,2023-03-03 10:00:00,6.6,15,6,14,66,4.7,54,64,75,1.2,44,53,40,9,16.7,52.7,5.3,4.9,57.1,128.4,0,16.8,52.5,5.3,5.1,56.4,261.7,0.2,220,79.902,0,33,4.2
33,2023-03-03 12:00:00,6.8,15,6.2,14,66,4.7,54,64,75,1.3,49,53,40,9,16.1,54.2,5.3,4.9,58.6,139.4,0,16.3,54.4,5.3,5.1,57.9,140.6,0,167,58.117,0,33,4.2
34,2023-03-03 14:00:00,6.7,15,6.2,14,66,4.8,53,64,75,1.4,49,53,40,9,15.9,53.8,5.3,4.9,58.5,135.4,0,16.2,56,5.3,5.1,59.9,163.8,0,97,28.369,0,33,4.2
35,2023-03-03 16:00:00,6.4,15,6.1,14,66,4.7,54,64,75,1.1,49,53,40,9,15.9,54.3,5.3,4.9,58,126.2,0,16.2,53.2,5.3,5.1,55.5,244.1,0.2,112,34.542,0,33,4.2
36,2023-03-03 18:00:00,6.6,15,6.1,14,66,4.7,55,64,75,1.1,49,53,40,9,15.4,53.6,5.3,4.9,57.7,125.5,0,15.6,53.1,5.3,5.1,56.5,129.2,0,132,43.027,0,33,4.3
37,2023-03-03 20:00:00,6.4,15,6.2,14,66,4.7,55,64,75,1.1,49,53,40,9,15.7,52.8,5.2,4.8,57,124,0,16.1,54.3,5.2,5,57.7,134,0,149,50.354,0,33,4.4
38,2023-03-03 22:00:00,6.5,15,6.2,14,65,4.7,55,64,75,1.1,49,53,40,9,16.1,51.4,5.3,5,55.2,186,0,16,56.8,5.3,5,60,170.1,0,170,59.404,0,33,4.4
40,2023-03-04 00:00:00,6.6,15,6.2,14,66,4.7,55,64,75,1.1,49,53,40,9,16.1,53.2,5.3,5,57,251,0,16.3,54.7,5.3,5,57.8,263.1,0,185,65.773,0,33,4.2
41,2023-03-04 02:00:00,6.5,15,6.2,14,65,4.8,54,64,75,1.2,48,53,40,9,15.2,54.7,5.3,5,58.6,158,0,15.4,56.2,5.1,4.8,59.6,139,0,206,74.413,0,33,4.2
42,2023-03-04 04:00:00,6.4,15,6.3,14,64,4.8,54,63,75,1.1,49,53,40,9,15.9,54.4,5.3,5,59.3,211.5,0,16.1,52.9,5.2,4.9,56.3,132.3,0,223,81.042,0,33,4.2
43,2023-03-04 06:00:00,6.6,15,6.3,14,65,4.8,54,63,75,1.1,49,53,40,9,16.2,51.7,5.2,5,55.9,123.9,0,16.3,52.8,5.2,4.9,56,132.7,0,97,28.369,0,33,4.3
44,2023-03-04 08:00:00,6.8,15,6.3,14,65,4.8,54,63,75,1.3,49,53,40,9,16.3,50.8,5.2,5,55.3,122.6,0,16.6,54.4,5.2,4.9,58,139.7,0,114,35.38,0,33,4.3
45,2023-03-04 10:00:00,6.7,15,6.2,14,65,4.7,55,63,75,1.1,46,53,40,9,17.4,52.4,5.2,5,56.1,123.2,0,17.5,52.7,5.2,4.9,55.6,132.6,0,130,42.169,0,33,4.3
46,2023-03-04 12:00:00,6.8,15,6.3,14,65,4.8,54,63,75,1.1,46,53,40,9,16.3,53.2,5.2,5,57,126.2,0,16.6,55.4,5.2,4.9,58.4,141.9,0,146,49.058,0,33,4.3
47,2023-03-04 14:00:00,6.8,15,6.3,14,65,4.8,54,63,75,1.3,46,53,40,9,16,53.3,5.2,5,57.5,126.8,0,16.4,51.6,5.2,4.9,55.2,131.6,0,164,56.828,0,33,4.3
48,2023-03-04 16:00:00,6.5,15,6.3,14,65,4.7,54,63,75,1.2,46,53,40,9,16.1,52.6,5.2,5,57.2,126.1,0,16.2,54,5.2,4.9,57.9,137.9,0,182,64.51,0,33,4.3
49,2023-03-04 18:00:00,6.8,15,6.3,14,65,4.8,54,63,75,1.3,45,53,40,9,16.5,53.6,5.2,5,58.2,131,0,16.7,51.5,5.2,4.9,55.1,131,0,203,73.205,0,33,4.3
50,2023-03-04 20:00:00,6.8,15,6.3,14,65,4.8,54,63,75,1.3,45,53,40,9,16.1,51.9,5.2,5,56.1,122.6,0,16.6,51.9,5.2,4.9,55.3,130.9,0,103,30.813,0,33,4.3
51,2023-03-04 22:00:00,6.8,15,6.3,14,65,4.8,54,63,75,1.3,45,53,40,9,16,52,5.2,5,56.3,132.2,0,16.4,51.4,5.2,4.9,55,135.7,0,127,40.886,0,33,4.3
53,2023-03-05 00:00:00,6.5,15,6.3,14,65,4.8,54,63,75,1.2,45,53,40,9,16.3,52,5.2,4.9,55.4,120.8,0,16.2,56.9,5.3,5,59.8,177.7,0,154,52.515,0,33,4.2
54,2023-03-05 02:00:00,6.7,15,6.2,14,64,4.8,54,64,75,1.2,48,53,40,9,15.2,54.7,5.3,5,58.6,158,0,15.4,56.2,5.1,4.8,59.6,139,0,173,60.687,0,33,4.2
55,2023-03-05 04:00:00,6.7,15,6.3,14,64,4.8,54,64,75,1.3,49,52,40,9,16.3,52.1,5.2,4.9,55.7,141.1,0,16,55,5.2,4.9,59.1,125.7,0,193,69.112,0,33,4.2
56,2023-03-05 06:00:00,6.8,15,6.3,14,64,4.8,54,64,75,1.2,49,52,40,9,16.7,54,5.2,4.9,58.4,136.3,0,16.8,53.2,5.2,4.9,56.7,134.7,0,218,79.134,0,33,4.2
57,2023-03-05 08:00:00,6.7,15,6.2,14,64,4.7,53,64,75,1,49,52,40,9,15.2,53,5.2,4.9,59.1,150.4,0,15.6,52.8,5.2,4.9,56.3,258.9,0.2,243,88.232,0,33,4.2
58,2023-03-05 10:00:00,6.8,15,6.3,14,64,4.8,53,64,75,1.1,49,52,40,9,15.8,56,5.2,4.9,59.5,179.5,0,16,54.9,5.2,4.9,58,138.2,0,212,76.797,0,33,4.2
59,2023-03-05 12:00:00,6.8,15,6.2,14,64,4.7,54,64,75,1.3,49,52,40,9,16,53.5,5.2,4.9,57.6,125.8,0,16.3,55.4,5.2,4.9,58.8,140.8,0,201,72.394,0,33,4.2
60,2023-03-05 14:00:00,6.7,15,6.1,14,64,4.7,54,64,75,1.2,49,52,40,9,16.7,53.7,5.2,4.9,57.5,124.4,0,16.7,52.9,5.2,4.9,55.8,129.5,0,224,81.418,0,33,4.2
61,2023-03-05 16:00:00,6.5,15,6,14,64,4.7,54,64,75,1.3,49,52,40,9,15.9,54.6,5.2,4.9,58.6,132.6,0,16.2,54.5,5.2,4.9,57.9,262.3,0.2,209,75.611,0,33,4.2
62,2023-03-05 18:00:00,6.6,15,6.3,14,64,4.7,55,64,75,1.3,49,52,40,9,16,54.1,5.2,4.9,58.1,124.6,0,16.4,52.7,5.2,4.9,55.9,129.1,0,231,84.009,0,33,3.7
63,2023-03-05 20:00:00,6.7,15,6.3,14,64,4.7,55,64,75,1.3,49,52,40,9,16.3,54,5.2,4.9,58.3,123.1,0,16.7,56,5.2,4.9,59.6,146.8,0,210,76.008,0,33,3.4
64,2023-03-05 22:00:00,6.6,15,6.3,14,64,4.7,55,64,75,1.3,49,52,40,9,16.4,52.2,5.3,5,56.1,145.7,0,16.5,55,5.2,4.9,58,175.2,0,234,85.092,0,33,3.4
66,2023-03-06 00:00:00,6.6,15,6.3,14,64,4.7,55,64,75,1.3,49,52,40,9,16.1,53,5.3,5,55.9,144,0,16.4,55.3,5.2,4.9,58.1,177.1,0,176,61.966,0,33,3.4
67,2023-03-06 02:00:00,6.7,15,6.2,14,64,4.8,54,64,75,1.2,48,53,40,9,15.2,54.7,5.3,5,58.6,158,0,15.4,56.2,5.1,4.8,59.6,139,0,197,70.761,0,33,3.4
68,2023-03-06 04:00:00,6.7,15,6.2,14,64,4.8,54,64,75,1.2,48,53,40,9,16.3,54.2,5.4,5,58.2,131.5,0,16.3,56.3,5.5,5.1,59.8,251.5,0,220,79.902,0,33,3.4
69,2023-03-06 06:00:00,6.6,15,6.2,14,64,4.8,54,64,75,1.4,48,53,40,9,15.8,53.4,5.4,5,57.6,125.7,0,16.2,56.6,5.5,5.1,60,255.8,0,162,55.967,0,33,3.5
70,2023-03-06 08:00:00,6.6,15,6.1,14,64,4.7,54,64,75,1.3,46,53,40,9,16.2,55.7,5.4,5,59.5,156.3,0,16.6,54.3,5.5,5.1,57.5,135.2,0,183,64.932,0,33,3.6
71,2023-03-06 10:00:00,6.5,15,6.2,14,64,4.7,54,64,75,1.3,45,53,40,9,16.9,53.9,5.4,5,58.4,132.3,0,17.1,54.2,5.5,5.1,57.9,136.5,0,199,71.58,0,33,3.6
72,2023-03-06 12:00:00,6.7,15,6.3,14,64,4.8,54,64,75,1.1,45,53,40,9,16.3,53.5,5.4,5,58.2,131.8,0,16.5,55,5.5,5.1,59.2,148.1,0,223,81.042,0,33,3.6
73,2023-03-06 14:00:00,6.5,15,6.3,14,64,4.7,54,64,75,1.2,45,53,40,9,16.4,54.2,5.4,5,58.5,133.5,0,16.7,53,5.5,5.1,56.7,259.7,0.2,57,13.415,0,33,3.6
74,2023-03-06 16:00:00,6.6,15,6.1,14,64,4.7,53,64,75,1.3,44,53,40,9,17,53.5,5.4,5,57.9,254.1,0.2,17.3,55.4,5.5,5.1,59.1,149.8,0,83,22.827,0,33,3.6
75,2023-03-06 18:00:00,6.8,15,6.3,14,64,4.8,54,64,75,1.2,49,53,40,9,15.4,51.9,5.4,5,55.7,125.8,0,15.8,54.2,5.5,5.1,57.2,137.7,0,108,32.877,0,33,3.6
76,2023-03-06 20:00:00,6.6,15,6,14,64,4.9,54,64,75,1.2,49,52,40,9,15.3,51.9,5.2,4.9,55.6,124.7,0,16,55.4,5.1,4.8,58.4,140.6,0,129,41.741,0,33,3.6
77,2023-03-06 22:00:00,6.7,15,6.2,14,64,4.8,54,64,75,1.2,49,52,40,9,16.2,51.2,5.4,5.1,54.9,137.8,0,16.3,57.3,5.2,4.8,60.1,168.8,0,152,51.651,0,33,3.6
79,2023-03-07 00:00:00,6.7,15,6.2,14,64,4.8,54,64,75,1.2,49,52,40,9,16.5,52.4,5.3,4.9,56.7,253.3,0,16.2,56.2,5.3,5,57,135.1,0,168,58.546,0,33,3.4
80,2023-03-07 02:00:00,6.7,15,6.2,14,64,4.8,54,64,75,1.2,48,52,40,9,15.8,55,5.3,5,58.6,158,0,15.7,56,5.1,4.8,59.6,139,0,190,67.866,0,33,3.4
81,2023-03-07 04:00:00,6.5,15,6.2,14,65,4.8,54,64,75,1.2,48,52,40,9,16,55.3,5.3,5,58.9,165.8,0,16,56.5,5.1,4.9,60,149.9,0,116,36.22,0,33,3.4
82,2023-03-07 06:00:00,6.7,15,6.2,14,65,4.8,55,64,75,1.3,48,52,40,9,17.3,55.3,5.3,5,58.9,131.3,0,17.8,56.5,5.1,4.9,60,132,0,131,42.598,0,33,3.4
83,2023-03-07 08:00:00,6.6,15,6.3,14,65,4.7,54,64,75,1.1,49,52,40,9,17,55.2,5.3,5,59.3,142.8,0,17.2,54.5,5.1,4.9,57.9,136.7,0,153,52.083,0,33,3.4
84,2023-03-07 10:00:00,6.8,15,6.3,14,65,4.8,54,64,75,1,49,52,40,9,16.5,55.1,5.3,5,59.3,148.9,0,16.8,55,5.1,4.9,58.5,140.8,0,175,61.54,0,33,3.4
85,2023-03-07 12:00:00,6.7,15,6.3,14,65,4.7,53,64,75,1.4,49,52,40,9,16.7,55.3,5.3,5,59.4,144.7,0,17.2,55.1,5.1,4.9,58.6,266.4,0.2,193,69.112,0,33,3.4
86,2023-03-07 14:00:00,6.7,15,6.3,14,65,4.8,54,64,75,1.2,49,52,40,9,15.1,52.1,5.3,5,55.3,120.7,0,15.6,55.8,5.1,4.9,58.4,135.7,0,212,76.797,0,33,3.4
87,2023-03-07 16:00:00,6.7,15,6.3,14,65,4.8,55,64,75,1.3,49,52,40,9,17.4,52.9,5.3,5,57.4,125.8,0,17.9,52.6,5.1,4.9,56.3,131.9,0,106,32.049,0,33,3.4
88,2023-03-07 18:00:00,6.7,15,6.3,14,65,4.8,54,64,75,1.3,49,52,40,9,16.9,52.3,5.3,5,56.3,125.9,0,17.1,53,5.1,4.9,56.1,132.9,0,129,41.741,0,33,3.4
89,2023-03-07 20:00:00,6.6,15,6.3,14,65,4.8,54,64,75,1.2,49,52,40,9,17,53.8,5.2,4.9,58.4,127.1,0,17.1,56,5.2,4.9,59.6,134.5,0,159,54.673,0,33,3.4
90,2023-03-07 22:00:00,6.7,15,6.3,14,65,4.8,54,64,75,1.2,49,52,40,9,16.4,54,5.2,4.9,58.9,135.8,0,16.7,56.5,5.2,4.9,60,141.8,0,177,62.391,0,33,3.5
92,2023-03-08 00:00:00,6.6,15,6.3,14,65,4.8,54,64,75,1.3,49,52,40,9,16.2,53.8,5.2,4.9,57.9,130.1,0,16.4,56,5.2,4.9,58.9,137.8,0,197,70.761,0,33,3
93,2023-03-08 02:00:00,6.7,15,6.2,14,64,4.8,54,64,75,1.2,48,52,40,9,15.8,55,5.3,5,58.6,158,0,15.7,56,5.1,4.8,59.6,139,0,113,34.961,0,33,3
94,2023-03-08 04:00:00,6.5,15,6.2,14,64,4.8,54,64,75,1.2,48,52,40,9,16.2,54.6,5.2,4.9,58.5,139.9,0,16,54.7,5.1,4.8,57.8,268.8,0,134,43.885,0,33,3
95,2023-03-08 06:00:00,6.7,15,6.1,14,65,4.8,54,64,75,1.4,49,52,40,9,17.4,52.4,5.3,4.9,57,128.8,0,16.7,52.5,5.1,4.8,56,134.9,0,149,50.354,0,33,3
96,2023-03-08 08:00:00,6.8,15,6.3,14,65,4.9,54,64,75,1.3,49,52,40,9,16.4,54,5.3,4.9,58.2,134.7,0,16.6,51.8,5.1,4.8,55,139.9,0.2,170,59.404,0,33,3
97,2023-03-08 10:00:00,6.8,15,6.3,14,65,4.9,54,64,75,1.4,49,52,40,9,18,53.9,5.3,4.9,58.2,254.2,0.2,17.8,54.3,5.1,4.8,58.2,140,0,185,65.773,0,33,3
98,2023-03-08 12:00:00,6.7,15,6.1,14,65,4.7,54,64,75,1.1,49,52,40,9,15.2,50.6,5.3,4.9,55,233.2,0.2,15.6,52,5.1,4.8,56.1,254.7,0.2,204,73.609,0,33,3
99,2023-03-08 14:00:00,6.7,15,6.3,14,65,4.7,54,64,75,1.3,49,52,40,9,15.9,51.5,5.3,4.9,55.5,119.8,0,16.5,53.3,5.1,4.8,56.3,131.3,0,228,82.909,0,33,3.1
100,2023-03-08 16:00:00,6.6,15,6.2,14,65,4.7,54,64,75,1.2,49,52,40,9,18.6,52.3,5.3,4.9,56.5,123,0,18.4,56.4,5.1,4.8,59.8,155.3,0,189,67.449,0,33,3.2
101,2023-03-08 18:00:00,6.8,15,6.3,14,65,4.7,54,64,75,1.1,49,52,40,9,16.1,54,5.3,4.9,58.2,130,0,16.5,53.2,5.1,4.8,56.6,132.4,0,209,75.611,0,33,3.2
102,2023-03-08 20:00:00,6.8,15,6.2,14,65,4.7,54,64,75,1.2,49,52,40,9,16.8,56.4,5.2,4.9,59.5,131.7,0,16.8,57.4,5.2,4.9,60.1,136.6,0,232,84.372,0,33,3.2
103,2023-03-08 22:00:00,6.6,15,6.2,14,65,4.7,54,64,75,1.2,49,52,40,9,16.5,57,5.2,4.9,60,141.2,0,16.4,56.5,5.2,4.9,59.4,130.1,0,178,62.816,0,33,3.2
105,2023-03-09 00:00:00,6.6,15,6.2,14,65,4.7,54,64,75,1.2,49,52,40,9,16.3,55,5.4,5,58.1,164.1,0,16.2,56,5.2,4.9,59,120.7,0,198,71.171,0,33,3.1
106,2023-03-09 02:00:00,6.7,15,6.2,14,64,4.8,54,64,75,1.2,48,52,40,9,16.9,51.6,5.3,5,55.6,175.1,0.2,17.2,51.9,5.1,4.8,55.1,145.7,0.2,218,79.134,0,33,3.1
107,2023-03-09 04:00:00,6.7,15,6.2,14,64,4.8,54,64,75,1.2,48,52,40,9,16.5,52,5.3,5,56,185.1,0.2,16.3,53.7,5.1,4.8,57,150.1,0.2,235,85.449,0,33,3.1
108,2023-03-09 06:00:00,6.7,15,6.2,14,65,4.8,54,64,75,1.3,48,49,40,9,16.5,51.5,5.3,5,55.8,154.7,0.2,16.3,54,5.1,4.8,57.7,148.7,0.2,215,77.972,0,33,3.1
109,2023-03-09 08:00:00,6.7,15,6.1,15,65,4.9,55,63,75,1.2,49,49,40,9,16.5,54.2,5.2,5,58.2,129,0.2,16.7,52.6,5.2,4.9,55.8,131.6,0.2,235,85.449,0,33,3.1
110,2023-03-09 10:00:00,6.7,15,6.2,15,68,4.8,54,63,75,1.3,49,49,40,9,16.4,54.7,5.2,4.9,59.3,146.8,0.2,16.6,53.6,5.2,4.9,57.3,135,0.2,215,77.972,0,33,3.1
111,2023-03-09 12:00:00,6.7,15,6.2,15,65,4.8,54,63,75,1.3,49,49,40,9,18.2,55.1,5.2,4.9,59.1,245.3,0.2,18.5,55.9,5.2,4.9,59.4,148,0.2,221,80.283,0,33,3.1
112,2023-03-09 14:00:00,6.7,15,6.2,15,65,4.8,54,63,75,1.3,49,49,40,9,18.2,55.1,5.2,4.9,59.1,245.3,0.2,18.5,55.9,5.2,4.9,59.4,148,0.2,225,81.794,0,33,3.5
113,2023-03-09 16:00:00,6.7,15,6.3,15,74,4.8,55,63,75,1.3,49,49,37,9,21.3,55.4,5.3,5,59.3,145.4,0.2,21.6,53.5,5.3,5,56.7,132.4,0.2,201,72.394,0,33,3.8
114,2023-03-09 18:00:00,6.7,15,6.3,15,74,4.8,55,63,75,1.3,49,49,37,9,21.5,51.7,5.3,5,55.3,120.6,0.2,21.6,52.4,5.3,5,55.5,131.9,0.2,229,83.277,0,33,3.1
115,2023-03-09 20:00:00,6.6,15,6.4,15,65,4.8,55,63,75,1.2,50,49,37,9,21.5,52,5.2,5,58.3,125.3,0.2,21.5,52.4,5.3,5,57.7,261.9,0.2,225,81.794,0,33,3
116,2023-03-09 22:00:00,6.7,15,6.4,15,66,4.8,55,63,72,1.1,50,49,37,9,21.9,51.9,5.3,5,55.7,120.4,0.2,21.5,52,5.3,5,57,133.1,0.2,237,86.157,0,33,3
118,2023-03-10 00:00:00,6.7,15,6.3,15,64,4.8,55,63,75,1.1,50,49,40,9,16.4,54.6,5.2,4.9,59.1,245.4,0.2,16.5,55.3,5.2,4.9,57.7,137,0.2,229,83.277,0,33,3
119,2023-03-10 02:00:00,6.7,15,6.4,14,65,4.8,54,64,73,1.2,49,49,38,9,21,52.7,5.3,5,56.4,121.1,0,22,56.2,5.2,5,59.2,143,0,221,80.283,0,33,3
120,2023-03-10 04:00:00,6.7,15,6.4,14,64,4.8,54,65,73,1.2,49,49,37,9,21.3,54.2,5.5,5,57.5,247.1,0,21.7,57,5.2,5,60.1,149.4,0,209,75.611,0,33,3
121,2023-03-10 06:00:00,6.8,15,6.4,15,65,4.7,55,63,74,1.2,46,49,37,9,21.9,52.3,5.1,5,56.5,121.5,0,21.6,54.2,5,4.9,57.6,135.3,0,226,82.167,0,33,3
122,2023-03-10 08:00:00,6.8,15,6.2,15,65,4.8,55,63,75,1.2,46,51,37,9,22.4,54,5.2,5,58.5,126.9,0,22.1,52.1,5.2,5,55.2,131.8,0,207,74.814,0,33,3
123,2023-03-10 10:00:00,6.8,15,6.2,15,65,4.8,55,65,75,1.2,46,51,37,9,23.2,52.5,5.2,4.9,55.8,120.4,0,22.7,53,5.2,4.9,55.6,132.1,0,223,81.042,0,33,3
124,2023-03-10 12:00:00,6.8,15,6.2,15,64,4.7,54,61,75,1.2,48,51,37,9,21.8,55,5.2,4.9,58.9,132.2,0.2,22.4,56.8,5.2,4.9,60,164.8,0,164,56.828,0,33,3
125,2023-03-10 14:00:00,6.8,15,6.4,15,67,4.8,54,63,75,1.3,49,51,38,9,22.2,51,5.3,5,55.4,119.7,0.2,21.9,55.7,5.3,5,59.7,146,0,183,64.932,0,33,3
126,2023-03-10 16:00:00,6.8,15,6.2,15,66,4.7,55,64,75,1.1,50,51,38,9,22,54,5.3,4.9,57.1,122.1,0.2,21.9,55.2,5.3,4.9,57.6,135,0,201,72.394,0,33,3.8
127,2023-03-10 18:00:00,6.7,15,6.2,15,65,4.7,55,66,74,1.2,50,51,38,9,22.1,55.1,5.4,5,59.3,178,0.2,22.1,52.8,5.1,4.9,56.3,132.6,0,163,56.397,0,33,3.8
128,2023-03-10 20:00:00,6.8,15,6.2,15,65,4.7,55,64,75,1,50,51,38,9,18.7,52.9,5.4,5,56.5,244,0.2,19,52.8,5.3,5,56,131.2,0,181,64.087,0,33,3.8
129,2023-03-10 22:00:00,6.7,15,6.3,15,67,4.8,55,63,75,1.2,50,51,38,9,19.9,55,5.4,5,58.7,125.9,0.2,20,54.8,5.3,5,58.6,139.1,0.2,203,73.205,0,33,3.8
131,2023-03-11 00:00:00,6.6,15,6.2,15,65,4.7,55,65,75,1.3,50,51,38,9,21,52.8,5.4,5,56.9,121.7,0.2,21.3,52.5,5.3,4.9,56,131.4,0.2,221,80.283,0,33,3.8
132,2023-03-11 02:00:00,6.8,15,6.3,14,66,4.8,54,64,75,1.2,49,49,38,9,21.8,54.7,5.4,5,58.2,126.9,0.2,21.9,53.2,5.4,5,55.6,130.9,0.2,168,58.546,0,33,3.8
133,2023-03-11 04:00:00,6.7,15,6.3,14,65,4.8,54,65,75,1.2,49,49,38,9,20.6,52.9,5.4,5,56.4,243.4,0.2,20.2,55.8,5.4,5,58.9,139.1,0.2,196,70.35,0,33,3.7
134,2023-03-11 06:00:00,6.8,15,6.4,14,65,4.8,55,63,75,1.3,50,51,38,9,22.4,52.9,5.4,5,56.4,243.4,0.2,22.2,55.8,5.4,5,58.9,139.1,0.2,218,79.134,0,33,3.7
135,2023-03-11 08:00:00,6.8,15,6.4,14,65,4.8,55,63,75,1.3,50,51,38,9,20.8,52.9,5.2,5,55.2,120.3,0.2,21.2,53.2,5.3,5,55.8,131.4,0.2,238,86.508,0,33,3.7
136,2023-03-11 10:00:00,6.8,15,6.3,15,67,4.8,55,68,75,1.2,50,50,37,9,21.8,54.3,5.2,4.9,57.7,126.3,0.2,21.8,54.2,5.3,4.9,57.4,262.5,0.2,101,29.994,0,33,3.7
137,2023-03-11 12:00:00,6.8,15,6.2,15,66,4.7,54,69,75,1.1,50,50,37,9,21.1,55.1,5.3,5,58.7,251.4,0.2,21.4,56.4,5.3,5,59.2,144.3,0.2,121,38.333,0,33,3.7
138,2023-03-11 14:00:00,6.8,15,6.3,15,66,4.8,55,68,75,1.2,50,50,37,9,21.7,52,5.4,5,55.8,121.7,0.2,21.5,53.8,5.4,5,57.3,134.5,0.2,140,46.468,0,33,3.8
139,2023-03-11 16:00:00,6.8,15,6.2,15,65,4.7,55,68,75,1.2,50,50,38,9,22.5,53.8,5.3,5,58.2,158.6,0.2,22.4,55.6,5.3,5,59.1,186.5,0.2,158,54.242,0,33,3.8
140,2023-03-11 18:00:00,6.7,15,6.2,15,65,4.7,55,67,75,1.2,50,50,38,9,20.8,51.3,5.3,5,55.2,125,0.2,21.1,51.2,5.3,5,55.2,136.7,0.2,178,62.816,0,33,3.7
141,2023-03-11 20:00:00,6.8,15,6.2,15,64,4.7,55,66,75,1.2,50,50,38,9,21.2,50.9,5.4,5,54.8,244.6,0.2,21.3,54.2,5.2,4.9,57.3,140.8,0.2,199,71.58,0,33,3.7
142,2023-03-11 22:00:00,6.9,15,6.2,15,65,4.7,53,67,75,1.2,50,50,38,9,19.6,51.8,5.4,5,55.4,247.5,0.2,20.1,52.6,5.2,4.9,55.3,132.9,0.2,220,79.902,0,33,3.7
144,2023-03-12 00:00:00,6.7,15,6.2,15,65,4.8,53,66,75,1.2,50,50,38,9,21,51.8,5.4,5,55,245,0.2,21.2,55.9,5.2,4.9,58.5,127.1,0.2,135,44.315,0,33,3.8
145,2023-03-12 02:00:00,6.8,15,6.3,14,66,4.8,54,64,75,1.2,49,49,38,9,17,52.5,5.2,4.9,55.9,127,0.2,16.5,53.5,5.1,4.9,55.9,133.9,0.2,160,55.105,0,33,3.7
146,2023-03-12 04:00:00,6.9,15,6.3,14,65,4.8,54,65,75,1.2,49,50,38,9,17.8,53.6,5.4,5,57.4,133.6,0.2,17.6,54.5,5.2,4.9,57.8,272.9,0.2,178,62.816,0,33,3.8
147,2023-03-12 06:00:00,6.9,15,6.3,14,65,4.8,53,66,75,1.2,49,50,37,9,22.1,53.3,5.3,5,57,254.2,0.2,21.5,53.1,5.3,5,56,134.7,0.2,200,71.987,0,33,3.8
148,2023-03-12 08:00:00,6.9,15,6.2,14,66,4.7,54,66,75,1.1,49,50,36,9,17,51.4,5.3,5,54.9,124.8,0.2,17.4,51.5,5.3,5,54.3,132,0.2,223,81.042,0,33,3.8
149,2023-03-12 10:00:00,6.8,15,6.3,14,65,4.8,54,72,75,1.2,49,50,36,9,22.2,54.1,5.3,5,58.4,145.7,0.2,22.1,50.8,5.3,5,54.1,132.7,0.2,113,34.961,0,33,3.8
150,2023-03-12 12:00:00,6.8,15,6.3,14,65,4.8,54,66,75,1.2,49,51,36,9,22.7,52.2,5.4,5.1,55.9,125.1,0.2,22.4,51.5,5.4,5.1,54.5,132.5,0.2,143,47.763,0,33,3.8
151,2023-03-12 14:00:00,6.8,15,6.3,14,65,4.8,54,70,75,1.2,49,51,37,9,21.5,53.6,5.3,5,57.6,131.4,0.2,21.6,55.4,5.3,5,58.1,144.1,0.2,160,55.105,0,33,3.7
152,2023-03-12 16:00:00,6.8,15,6.3,15,66,4.8,54,66,75,1.3,48,51,37,9,23.4,50.6,5.4,5.1,54.8,122.4,0.2,23.2,54.9,5.4,5.1,58.5,148.2,0.2,181,64.087,0,33,3.7
153,2023-03-12 18:00:00,6.9,15,6.3,15,64,4.9,54,66,76,1.3,49,51,37,9,18.7,53.5,5.2,5.1,54.8,129.7,0.2,19.3,53.1,5.2,4.9,58.5,135.6,0.2,203,73.205,0,33,3.7
154,2023-03-12 20:00:00,6.8,15,6.5,15,65,4.9,54,66,75,1.1,49,51,37,9,20.9,52.2,5.3,5,55.9,122.2,0.2,21.2,54.7,5.1,4.9,57.8,140,0.2,221,80.283,0,33,3.7
155,2023-03-12 22:00:00,6.9,15,6.5,15,65,4.9,53,68,75,1.1,49,51,37,9,20.7,54.9,5.4,5,58.5,147.8,0.2,21,55.6,5.4,5,58.9,148.8,0.2,140,46.468,0,33,3.7
157,2023-03-13 00:00:00,6.9,15,6.5,15,67,4.9,53,66,76,1,49,50,36,9,17.6,53.8,5.4,5.1,57.7,130.6,0.2,17.7,55.4,5.3,5,58.8,149,0.2,164,56.828,0,33,3.8
158,2023-03-13 02:00:00,6.7,15,6.3,14,65,4.8,54,66,75,1.2,49,49,36,9,21.5,54.6,5.2,4.9,58.5,149.7,0.2,21.3,53.4,5.2,5,56.9,135.8,0.2,185,65.773,0,33,3.8
159,2023-03-13 04:00:00,6.8,15,6.3,14,66,4.8,54,67,75,1.2,49,52,36,9,21.6,52.2,5.5,5.1,56.5,123.2,0.2,21.5,53.9,5.4,5,57.5,138,0.2,207,74.814,0,33,3.8
160,2023-03-13 06:00:00,6.8,15,6.3,14,66,4.8,54,67,75,1.2,49,52,36,9,21.8,52.8,5.4,5,56.9,246.9,0.2,21.9,50.7,5.4,5,54.3,130.3,0.2,231,84.009,0,33,3.8
161,2023-03-13 08:00:00,6.8,15,6.2,14,66,4.7,54,66,75,1.2,49,52,36,9,19.3,52.1,5.3,5,55.5,119.8,0.2,19.5,51.1,5.3,5,54,204.5,0.2,118,37.064,0,33,3.8
162,2023-03-13 10:00:00,6.8,15,6.2,14,65,4.8,53,66,75,1.1,49,52,36,9,22.1,54.6,5.3,5,58.1,138.8,0.2,21.8,54.2,5.3,5,57.2,263.9,0.2,139,46.037,0,33,3.8
163,2023-03-13 12:00:00,6.8,15,6.2,14,65,4.8,53,66,75,1.1,49,52,36,9,20.4,52.2,5.3,5,56,244,0.2,20.6,52.9,5.3,5,56.5,133.7,0.2,159,54.673,0,33,3.8
164,2023-03-13 14:00:00,6.8,15,6.2,14,65,4.8,53,66,75,1.1,49,52,36,9,21.2,50.9,5.3,5,54.6,116.7,0.2,21.4,51.2,5.3,5,54.3,131.5,0.2,182,64.51,0,33,3.8
165,2023-03-13 16:00:00,6.7,15,6.2,14,65,4.7,54,66,75,1.2,49,53,36,9,19.6,53.3,5.2,4.9,57.1,124.7,0.2,20.1,51.1,5.2,4.9,54.4,239.8,0.2,203,73.205,0,33,3.9
166,2023-03-13 18:00:00,6.8,15,6.2,14,68,4.8,53,66,75,1.2,48,51,36,9,16.2,53.7,5.3,5,57.4,250.2,0.2,16.1,55.1,5.3,4.9,58.2,142.2,0.2,141,46.899,0,33,3.9
167,2023-03-13 20:00:00,6.7,15,6.1,14,70,4.7,53,66,75,1.2,49,51,36,9,21.4,51.7,4.9,5.3,55.6,245.3,0.2,21.3,52.8,5.2,4.9,56.1,133.7,0.2,161,55.536,0,33,3.9
168,2023-03-13 22:00:00,6.7,15,6.1,14,65,4.7,53,67,75,1.2,49,51,36,9,21.8,52.2,5.3,4.9,56.1,123.9,0.2,21.8,52,5.2,4.9,55.3,131.9,0.2,182,64.51,0,33,3.9
170,2023-03-14 00:00:00,6.7,15,6.1,14,65,4.7,53,67,75,1.2,49,51,36,9,22.4,52.6,5.2,4.9,56.1,125.7,0.2,22.4,53.2,5.2,4.8,55.8,134.1,0.2,206,74.413,0,33,3.8
171,2023-03-14 02:00:00,6.7,15,6.3,14,65,4.8,54,66,75,1.2,49,49,36,9,19.6,52,5.3,4.9,55.1,133.4,0.2,18.8,52.7,5.2,4.9,55.1,185.1,0.2,223,81.042,0,33,3.8
172,2023-03-14 04:00:00,6.7,15,6.3,14,64,4.8,54,67,75,1.2,49,52,36,9,18,52.1,5.3,4.9,56.1,128.1,0.2,17.9,54,5.2,4.9,57.3,140.2,0.2,143,47.763,0,33,3.8
173,2023-03-14 06:00:00,6.7,15,6.2,14,66,4.8,54,66,75,1.2,49,51,36,9,24.5,53.9,5.3,4.9,57.8,128.1,0.2,17.9,54,5.2,4.9,57.3,140.2,0.2,164,56.828,0,33,3.8
174,2023-03-14 08:00:00,6.8,15,6.3,14,65,4.8,53,66,75,1.3,48,51,36,9,19.2,50.1,5.3,5,54.1,229.7,0.2,19.5,54.5,5.3,5,58.2,146,0.2,184,65.353,0,33,3.8
175,2023-03-14 10:00:00,6.8,15,6.1,14,65,4.7,54,68,75,1.2,49,51,36,9,20,51.9,5.3,5,55.2,122.8,0.2,20.2,52.2,5.3,5,55.1,131.4,0.2,115,35.8,0,33,3.8
176,2023-03-14 12:00:00,6.7,15,6.2,14,66,4.8,53,66,75,1.2,49,51,37,9,20.7,53.4,5.3,5,57.9,251.8,0.2,20.5,51.2,5.3,5,55.2,131.7,0.2,138,45.606,0,33,3.8
177,2023-03-14 14:00:00,6.7,15,6.2,14,66,4.8,53,66,75,1.2,49,51,37,9,22.1,50.7,5.3,5,54,199.7,0.2,21.7,54.9,5.3,5,57.7,140.5,0.2,156,53.379,0,33,3.8
178,2023-03-14 16:00:00,6.8,15,6.3,14,66,4.8,54,66,75,1.3,49,52,37,9,20.9,51.5,5.3,5,55.5,124.9,0.2,21.1,52.5,5.3,5,55.8,135.3,0.2,122,38.757,0,33,3.9
179,2023-03-14 18:00:00,6.9,15,6.2,14,67,4.7,54,66,76,1.2,49,52,37,9,23.6,55.2,5.3,4.9,58.5,124.9,0.2,21.7,53,5.3,5,55.3,135.1,0.2,142,47.331,0,33,3.9
180,2023-03-14 20:00:00,6.8,15,6.2,14,65,4.7,54,66,75,1.2,49,53,37,9,18.2,54,5,4.8,57.9,138.5,0.2,19,54.7,5,4.8,57.9,142.4,0.2,163,56.397,0,33,3.9
181,2023-03-14 22:00:00,6.7,15,6.2,14,65,4.7,54,66,75,1.2,49,53,37,9,22.1,50.6,5.3,5,54.9,246.6,0.2,22.1,52.3,5.1,4.9,55.8,135.6,0.2,192,68.697,0,33,3.9
183,2023-03-15 00:00:00,6.8,15,6.2,14,65,4.7,54,66,75,1.2,49,52,37,9,19.8,52.1,5.2,4.9,56.3,127.7,0.2,20.1,51.5,5.2,4.9,55.1,134.2,0.2,214,77.582,0,33,4
184,2023-03-15 02:00:00,6.5,15,6.3,14,66,4.7,54,66,75,1.1,49,49,36,9,17.2,50.7,5.1,4.9,54.4,123.3,0.2,16.4,53.2,5.2,4.9,56.3,269,0.2,151,51.219,0,33,4
185,2023-03-15 04:00:00,6.6,15,6.3,14,65,4.6,54,66,73,1.2,49,52,36,9,19.7,50.5,5.4,5,54.6,123.5,0.2,19.8,53.4,5.2,4.9,57.2,139.2,0.2,178,62.816,0,33,4
186,2023-03-15 06:00:00,6.7,15,6.3,14,65,4.7,54,66,75,1.1,49,50,36,9,18.3,53.9,5.2,5,57.7,254.7,0.2,18.4,52.1,5.2,5,55.1,133,0.2,200,71.987,0,33,4
187,2023-03-15 08:00:00,6.7,15,6.2,14,65,4.7,53,65,75,1.2,49,50,36,9,21.8,51.4,5.2,5,55.1,243.9,0.2,21.9,54.7,5.2,5,57.8,140.1,0.2,157,53.81,0,33,4
188,2023-03-15 10:00:00,6.8,15,6.3,14,65,4.8,53,66,75,1.3,48,50,36,9,17.2,51.3,5.2,5,55.3,123.1,0.2,17.5,52.3,5.2,5,55.8,133.3,0.2,116,36.22,0,33,4
189,2023-03-15 12:00:00,6.7,15,6.2,14,65,4.7,53,68,75,1.2,49,50,36,9,20.1,55,5.2,4.9,58.3,138.4,0.2,20.4,52.7,5.2,4.9,55.4,132.8,0.2,133,43.456,0,33,4
190,2023-03-15 14:00:00,6.8,15,6.3,14,65,4.8,54,66,75,1.2,49,50,37,9,20,53.9,5.3,5,57.5,130.3,0.2,20.3,51.8,5.3,5,54.8,133.1,0.2,157,53.81,0,33,4
191,2023-03-15 16:00:00,6.8,15,6.2,14,67,4.8,55,66,75,1.3,50,50,31,9,31.5,55.5,5.4,5,59.1,133,0.2,31.4,55.3,5.4,5,58.4,266.5,0.2,175,61.54,0,33,4
192,2023-03-15 18:00:00,7,15,6.4,14,67,4.9,55,66,75,1.5,50,50,30,9,30.1,54,5.5,5.1,57.2,248,0.2,30.5,54.6,5.5,5.1,57.2,134.6,0.2,160,55.105,0,33,4
193,2023-03-15 20:00:00,7.1,15,6.4,14,67,5,55,67,75,1.2,50,50,30,9,30.7,52.7,5.5,5.2,55.9,123.4,0.2,30.5,53.7,5.5,5.2,56.5,133.7,0.2,142,47.331,0,33,4
194,2023-03-15 22:00:00,7,15,6.4,14,66,5,55,66,75,1.5,50,51,27,9,29.6,53,5.6,5.1,56.6,124.2,0.2,29.4,52,5.5,5.1,55.1,133,0.2,166,57.688,0,33,4
196,2023-03-16 00:00:00,7,15,6.4,14,65,4.9,55,67,75,1.5,50,51,27,9,33.3,52.7,5.6,5.2,56,125,0.2,33.3,54.3,5.6,5.2,57.2,134.6,0.2,186,66.193,0,33,4
197,2023-03-16 02:00:00,6.9,15,6.3,14,66,4.9,56,68,75,1.3,50,49,27,9,33.6,55.3,5.7,5.3,58.3,130.7,0.2,33.7,55.6,5.7,5.2,57.9,136.9,0.2,210,76.008,0,33,4
198,2023-03-16 04:00:00,7,15,6.5,14,64,5,56,66,75,1.5,50,51,27,9,31.1,52.4,5.7,5.3,56.7,125,0.2,31.4,55.6,5.6,5.2,59.2,140.8,0.2,138,45.606,0,33,4
199,2023-03-16 06:00:00,7.1,15,6.5,14,66,5,55,66,75,1.5,51,51,27,9,32.4,53.4,5.5,5.2,56.7,131.5,0.2,32.7,54.8,5.5,5.2,59.2,132.6,0.2,158,54.242,0,33,4
200,2023-03-16 08:00:00,7.2,15,6.7,14,64,5.1,55,67,75,1.6,50,51,27,9,33,53.3,5.6,5.2,56.8,126.2,0.2,33.3,54,5.6,5.2,56.8,132.9,0.2,176,61.966,0,33,4
201,2023-03-16 10:00:00,7.1,15,6.4,14,65,5,55,66,75,1.4,50,51,27,9,33.2,53.5,5.6,5.1,56.9,125.3,0.2,32.8,56.3,5.6,5.1,59.6,147.7,0.2,200,71.987,0,33,4
202,2023-03-16 12:00:00,7.1,15,6.4,14,65,5,55,66,75,1.4,50,51,27,9,33.4,53.2,5.7,5.2,57,124.7,0.2,33.2,53.6,5.7,5.2,56.5,133,0.2,227,82.539,0,33,4
203,2023-03-16 14:00:00,7.2,15,6.4,14,65,5,56,67,75,1.5,51,51,28,9,32.2,53.5,5.7,5.3,57,123.8,0.2,32.5,55.1,5.7,5.3,57.8,135.4,0.2,105,31.636,0,33,4
204,2023-03-16 16:00:00,7.2,15,6.4,14,65,5,56,67,75,1.5,51,51,28,9,32,53.2,5.7,5.2,56.8,123.9,0.2,31.8,53.8,5.7,5.2,57.2,261.3,0.2,129,41.741,0,33,4
205,2023-03-16 18:00:00,7.1,15,6.6,14,67,5,56,68,75,1.5,51,51,28,9,32,53,5.7,5.3,56.3,123.7,0.2,32.5,53.5,5.7,5.2,56.2,133.6,0.2,155,52.947,0,33,4
206,2023-03-16 20:00:00,7,15,6.6,14,68,5,56,66,75,1.5,51,51,28,9,31,53.7,5.8,5.4,57.8,127.1,0.2,30.8,52.1,5.8,5.4,55.3,132.9,0.2,176,61.966,0,33,4
207,2023-03-16 22:00:00,7.1,15,6.7,14,66,5,56,66,76,1.5,51,51,27,9,34.1,53.5,5.8,5.4,57,124.9,0.2,34.1,53.9,5.8,5.4,56.7,133.6,0.2,197,70.761,0,33,4
209,2023-03-17 00:00:00,7.2,15,6.7,14,71,5,56,66,76,1.5,51,52,27,9,31.5,53.5,5.8,5.4,56.7,124.9,0.2,31.9,55.9,5.8,5.4,58.7,137.2,0.2,220,79.902,0,33,4
210,2023-03-17 02:00:00,7.1,15,6.7,14,67,5.1,54,66,75,1.5,50,52,26,9,29.5,51.6,5.7,5.3,55,188.1,0.2,29,55.6,5.7,5.2,57.9,145.1,0.2,136,44.745,0,33,4
211,2023-03-17 04:00:00,7.1,15,6.7,14,67,5.1,54,66,75,1.5,50,52,26,9,28.3,52.6,6,5.5,55.9,124.4,0.2,28.9,52.3,5.9,5.4,55.5,131.5,0.2,157,53.81,0,33,4
212,2023-03-17 06:00:00,7.1,15,6.7,14,67,5.1,54,66,75,1.5,50,52,26,9,28.3,52.6,6,5.5,55.9,124.4,0.2,28.9,52.3,5.9,5.4,55.5,131.5,0.2,181,64.087,0,33,4
213,2023-03-17 08:00:00,7.2,15,6.7,14,70,5.2,55,66,75,1.5,50,51,27,9,32.6,52.5,5.8,5.4,55.8,123.1,0.2,32.7,55.2,5.8,5.4,58.3,134.1,0.2,203,73.205,0,33,4
214,2023-03-17 10:00:00,7.2,15,6.8,14,72,5.3,55,66,75,1.5,50,51,27,9,32.9,52.8,5.8,5.4,56.3,121.4,0.2,32.8,52.6,5.8,5.4,55.7,133.6,0.2,119,37.486,0,33,4
215,2023-03-17 12:00:00,7.2,15,6.8,14,70,5.3,55,66,75,1.5,50,51,27,9,32.2,55,5.7,5.3,58.1,123.1,0.2,32.3,52.3,5.7,5.3,55,172.2,0.2,142,47.331,0,33,4
216,2023-03-17 14:00:00,7.1,15,6.6,14,66,5.3,55,66,75,1.4,51,51,28,9,32.1,52.1,5.6,5.2,55,120.6,0.2,31.9,54.7,5.6,5.2,57.5,136,0.2,164,56.828,0,33,4
217,2023-03-17 16:00:00,7.1,15,6.6,14,66,5.3,55,66,75,1.4,51,51,28,9,32.1,52.1,5.6,5.2,55,120.6,0.2,31.9,54.7,5.6,5.2,57.5,136,0.2,181,64.087,0,33,4
218,2023-03-17 18:00:00,7,15,6.5,14,66,5.1,55,66,75,1.5,51,51,29,9,32.5,56.3,5.8,5.4,59.6,140.3,0.2,32.5,56.6,5.6,5.3,59.5,143.3,0.2,203,73.205,0,33,4
219,2023-03-17 20:00:00,7.1,15,6.5,14,62,5.2,55,66,75,1.2,51,51,29,9,24.8,53.6,5.7,5.3,56.5,123,0.2,24.9,56.7,5.6,5.2,59.5,142.9,0.2,221,80.283,0,33,4
220,2023-03-17 22:00:00,7,15,6.5,14,63,5.2,55,66,75,1.2,51,51,27,9,32,51.9,5.8,5.4,55.5,121.8,0.2,32,52.3,5.7,5.4,59.5,133.4,0.2,132,43.027,0,33,4
222,2023-03-18 00:00:00,7.2,15,6.5,14,68,5.2,55,66,75,1.2,51,51,27,9,32,51.7,5.7,5.3,55.6,122.9,0.2,32.4,51.7,5.7,5.3,55,133.4,0.2,158,54.242,0,33,4
223,2023-03-18 02:00:00,7.1,15,6.7,14,72,5.1,54,66,75,1.5,50,51,26,9,32.4,56.7,5.9,5.6,59.8,165.2,0.2,32.6,54.6,5.8,5.4,57.1,133.8,0.2,176,61.966,0,33,4
224,2023-03-18 04:00:00,7.2,15,6.7,14,70,5.1,54,67,75,1.5,50,50,27,9,32.8,55.9,5.9,5.6,59.1,242.7,0.2,32.6,55.2,5.8,5.4,58,136.3,0.2,194,69.525,0,33,4
225,2023-03-18 06:00:00,7.1,15,6.6,14,66,5.1,54,67,75,1.5,50,51,27,9,33.1,56.3,5.8,5.4,59.6,146.3,0.2,33.4,52.7,5.8,5.4,55.2,132.5,0.2,212,76.797,0,33,4
226,2023-03-18 08:00:00,7.1,15,6.6,14,66,5.1,54,67,75,1.5,50,51,27,9,33,53.1,5.8,5.4,56,122.6,0.2,33.3,56.8,5.8,5.4,59.5,141.3,0.2,155,52.947,0,33,4
227,2023-03-18 10:00:00,7,15,6.6,14,74,5.2,55,66,75,1.5,50,51,27,9,32.6,52.3,5.8,5.4,55.2,121,0.2,32.9,56,5.8,5.4,58.8,136.1,0.2,114,35.38,0,33,4
228,2023-03-18 12:00:00,7,15,6.6,14,67,5.3,55,66,75,1.5,50,51,27,9,33.4,53.8,5.7,5.3,56.7,121.6,0.2,33.5,54.3,5.7,5.3,58.8,132.7,0.2,135,44.315,0,33,4
229,2023-03-18 14:00:00,7.1,15,6.6,14,66,5.1,54,68,75,1.5,50,51,27,9,33.3,54.2,5.7,5.3,57.3,245.6,0.2,33.2,52.5,5.7,5.3,55.2,130.8,0.2,146,49.058,0,33,4
230,2023-03-18 16:00:00,7.1,15,6.6,14,66,5.1,54,68,75,1.5,50,51,27,9,32.6,53,5.7,5.3,56,117.8,0.2,33.1,55.9,5.7,5.3,58.5,135.3,0.2,163,56.397,0,33,4
231,2023-03-18 18:00:00,7.2,15,6.6,14,66,5.1,54,66,75,1.5,50,52,27,9,32.6,53,5.7,5.3,56,117.8,0.2,33.1,55.9,5.7,5.3,58.5,135.3,0.2,181,64.087,0,33,4
232,2023-03-18 20:00:00,7.3,15,6.6,14,66,5.1,54,66,75,1.5,51,52,26,9,32.3,53,5.8,5.4,55.7,116.3,0.2,32.6,53.2,5.7,5.3,55.6,130.9,0.2,200,71.987,0,33,5
233,2023-03-18 22:00:00,7.2,15,6.6,14,66,5.1,54,66,75,1.5,51,52,26,9,33,54.9,5.8,5.4,58.7,127.5,0.2,32.3,52.7,5.7,5.3,55.5,129.9,0.2,218,79.134,0,33,5
235,2023-03-19 00:00:00,7.2,15,6.6,14,65,5.1,54,66,75,1.4,51,52,26,9,31.8,56.6,5.7,5.2,59.7,146.5,0.2,32.3,52.7,5.6,5.2,55.5,266.5,0.2,117,36.642,0,33,4
236,2023-03-19 02:00:00,7,15,6.7,14,65,5.1,56,66,75,1.5,50,52,26,9,32.6,54.8,5.8,5.4,59.8,128.6,0.2,32.8,56,5.6,5.2,59.1,138.8,0.2,130,42.169,0,33,4
237,2023-03-19 04:00:00,7,15,6.7,14,65,5.1,54,67,75,1.5,50,52,26,9,32.8,52.4,5.6,5.2,55.3,119.9,0.2,33.1,52.6,5.5,5,55.1,227.7,0.2,147,49.49,0,33,4.2
238,2023-03-19 06:00:00,7.1,15,6.5,14,65,5.1,55,66,75,1.5,50,52,26,9,33,52.6,5.7,5.3,55.4,121.5,0.2,33.2,55.2,5.7,5.3,58.5,135.1,0.2,164,56.828,0,33,4.2
239,2023-03-19 08:00:00,7.1,15,6.5,14,65,5.1,55,66,75,1.5,50,52,26,9,30.4,53,5.7,5.3,56.2,123.8,0.2,30.6,52.3,5.7,5.3,55.3,131.7,0.2,188,67.031,0,33,4.2
240,2023-03-19 10:00:00,7.1,15,6.5,14,65,5.1,54,66,75,1.5,50,51,26,9,33.3,55,5.7,5.3,58.6,129.1,0.2,33.5,55.4,5.7,5.3,58.1,135.6,0.2,204,73.609,0,33,4.2
241,2023-03-19 12:00:00,7.1,15,6.5,14,70,5.1,54,66,75,1.4,51,51,27,9,32.9,52.8,5.7,5.3,55.8,119.4,0.2,33.1,54.2,5.7,5.3,56.8,133,0.2,223,81.042,0,33,4.2
242,2023-03-19 14:00:00,7.1,15,6.5,14,66,5.1,55,66,75,1.4,51,51,27,9,33.3,54.3,5.7,5.3,57.4,124.8,0.2,33,57.7,5.7,5.3,60.3,182.6,0.2,109,33.292,0,33,4.2
243,2023-03-19 16:00:00,7,15,6.5,14,66,5,55,66,75,1.4,50,51,26,9,32.9,52.4,5.7,5.3,55.2,118.4,0.2,32.8,55.3,5.7,5.3,57.8,134.8,0.2,123,39.182,0,33,4.2
244,2023-03-19 18:00:00,6.9,15,6.5,14,65,5.1,55,66,76,1.2,50,51,26,9,25.2,53.6,5.7,5.1,56.5,123.3,0.2,24.7,53.4,5.7,5.2,55.8,132.7,0.2,143,47.763,0,33,4.2
245,2023-03-19 20:00:00,7,15,6.5,14,67,5.1,55,66,76,1.5,50,51,26,9,32.9,52.4,5.7,5.3,55.8,235.1,0.2,32.9,52.3,5.6,5.2,55.1,208.5,0.2,160,55.105,0,33,4.2
246,2023-03-19 22:00:00,6.9,15,6.5,14,65,5.1,55,66,75,1.5,50,51,26,9,33,54,5.7,5.3,57.1,124.1,0.2,33.3,53.3,5.5,5.1,55.8,132.5,0.2,178,62.816,0,33,4.2
261,2023-03-20 00:00:00,7.1,14,6.6,14,66,5.3,55,66,75,1.4,51,51,26,9,33.9,53.3,5.9,5.5,56.6,123.9,0.2,32.9,52.6,5.8,5.4,55.4,132.6,0.2,176,61.966,0,50,4.2
262,2023-03-20 02:00:00,7,17,6.5,14,66,5.1,55,68,75,1.5,50,51,27,9,32,52.8,5.7,5.2,55.4,123.1,0.2,32.7,53.3,5.8,5.4,55.5,133,0.2,191,68.282,0,50,4.2
263,2023-03-20 04:00:00,7,17,6.5,14,65,5.1,55,66,75,1.4,50,51,26,9,23.2,53.5,5.8,5.4,56.4,123.6,0.2,25.6,56.5,5.8,5.4,59,138.3,0.2,207,74.814,0,50,4.2
264,2023-03-20 06:00:00,7,14,6.4,14,65,5,55,66,75,1.4,50,51,26,9,33.7,55.2,5.7,5.3,58.4,127.5,0.2,33.5,57.2,5.7,5.3,60.1,152.2,0.2,221,80.283,0,50,4.2
265,2023-03-20 08:00:00,7.1,14,6.5,14,65,5.2,55,66,75,1.5,50,51,27,9,30.7,52.7,5.7,5.3,55.4,122.4,0.2,30.5,52.5,5.7,5.3,55.4,134.3,0.2,121,38.333,0,50,4.4
266,2023-03-20 10:00:00,7.1,14,6.5,14,65,5.1,55,66,75,1.5,51,51,27,9,33.8,54.2,5.7,5.3,57.3,122.4,0.2,34,52.8,5.7,5.3,55.5,133.8,0.2,135,44.315,0,50,4.4
267,2023-03-20 12:00:00,7.1,14,6.4,14,65,5,55,66,75,1.4,50,51,28,9,33.2,52,5.7,5.3,55.6,122.4,0.2,33.8,52.7,5.7,5.3,55.11,133.2,0.2,153,52.083,0,50,4.4
268,2023-03-20 14:00:00,7,14,6.4,14,65,5,54,70,75,1.4,50,51,28,9,31.9,52.5,5.7,5.3,55.3,119.4,0.2,32.1,53.3,5.7,5.3,55.8,134.7,0.2,170,59.404,0,50,4.4
269,2023-03-20 16:00:00,7.1,14,6.6,14,70,5,55,66,75,1.5,51,51,28,9,33.9,53.6,5.7,5.3,57.5,120.5,0.2,33.7,52.1,5.7,5.3,55,133.2,0.2,185,65.773,0,50,4.4
270,2023-03-20 18:00:00,7.2,14,6.6,14,63,5,55,66,75,1.5,51,51,28,9,32.7,55.9,5.8,5.4,59.4,139.9,0.2,33,55.6,5.8,5.4,58.5,138.1,0.2,109,33.292,0,50,4.4
271,2023-03-20 20:00:00,7.2,14,6.6,14,68,5,55,66,76,1.4,51,51,28,9,32.9,53.7,5.7,5.4,56.7,122,0.2,33,57.4,5.7,5.3,60.2,157.5,0.2,131,42.598,0,50,4.4
272,2023-03-20 22:00:00,7.1,14,6.6,14,66,5.1,55,67,76,1.4,51,51,28,9,32.6,53.6,5.8,5.3,56.7,121.5,0.2,33,53.8,5.7,5.3,56.8,257.6,0.2,146,49.058,0,50,4.4
274,2023-03-22 00:00:00,7.2,14,6.6,14,64,5.2,54,68,75,1.2,50,51,28,9,30.8,53.2,5.7,5.3,56.7,123.6,0.2,31.3,53.4,5.7,5.3,56.8,133.9,0.2,166,57.688,0,50,4.2
275,2023-03-22 02:00:00,7,14,6.5,14,66,5.1,55,68,75,1.5,50,51,27,9,33,51.4,6,5.5,55,216.9,0.2,32.8,52.5,6,5.5,55.5,133.1,0.2,182,64.51,0,50,4.2
276,2023-03-22 04:00:00,7,14,6.5,14,66,5.1,55,68,75,1.5,50,51,27,9,34,52.6,5.8,5.4,55.7,119.5,0.2,34,55.6,5.8,5.4,58.4,137.8,0.2,203,73.205,0,50,4.2
277,2023-03-22 06:00:00,7.1,14,6.6,14,65,5.2,54,68,75,1.5,51,51,27,9,33.2,53.1,5.8,5.4,56.2,120.7,0.2,33.5,54.5,5.8,5.4,57.5,260.4,0.2,217,78.748,0,50,4.2
278,2023-03-22 08:00:00,7.1,14,6.6,14,65,5.2,54,68,75,1.5,51,51,27,9,32.8,54.6,5.8,5.4,57.8,123.3,0.2,33.1,54.6,5.8,5.4,57.2,134.3,0.2,167,58.117,0,50,4.2
279,2023-03-22 10:00:00,7.1,14,6.6,14,65,5.2,54,68,75,1.5,51,51,27,9,33.2,52.4,5.8,5.4,56,236,0.2,33.3,53.6,5.8,5.4,56.9,255,0.2,143,47.763,0,50,4.2
280,2023-03-22 12:00:00,7.2,14,6.6,14,65,5.2,54,70,75,1.5,51,51,28,9,33.5,53.2,5.8,5.4,56.3,118.8,0.2,33.5,55.9,5.8,5.4,58.9,137.7,0.2,156,53.379,0,50,4.3
281,2023-03-22 14:00:00,7.2,14,6.6,14,70,5.2,54,66,75,1.5,51,51,28,9,32.5,54.7,5.8,5.4,58.8,127.4,0.2,32.3,53.7,5.8,5.4,57.3,133.4,0.2,176,61.966,0,50,4.3
282,2023-03-22 16:00:00,7.3,14,6.7,14,75,5.3,54,68,75,1.5,51,51,28,9,33.8,52,5.9,5.5,55.2,118,0.2,33.6,52.5,5.9,5.5,55.4,132.5,0.2,201,72.394,0,50,4.3
283,2023-03-22 18:00:00,7.4,14,6.8,14,75,5.4,54,67,75,1.5,51,51,28,9,32.8,52.8,5.9,5.5,56.1,120.3,0.2,33.5,56.8,5.9,5.5,59.9,147.3,0.2,107,32.462,0,50,4.3
284,2023-03-22 20:00:00,7.2,14,6.8,14,65,5.4,54,67,75,1.5,51,51,28,9,33.4,52.1,5.7,5.4,55.2,215.6,0.2,33.6,53,5.7,5.4,55.5,133.9,0.2,125,40.033,0,50,4.3
285,2023-03-22 22:00:00,7.1,14,6.8,14,65,5.4,54,67,75,1.5,51,51,28,9,32.8,52.5,5.9,5.4,56.3,120.3,0.2,33,52.2,5.7,5.4,55.1,132.5,0.2,146,49.058,0,50,4.3
287,2023-03-24 00:00:00,7.1,14,6.7,14,67,5.4,55,66,75,1.5,51,50,28,9,33,52.1,5.8,5.4,55.2,121.4,0.2,33.2,54.2,5.8,5.4,57,134.5,0.2,221,80.283,0,50,4.1
288,2023-03-24 02:00:00,7.1,14,6.5,14,66,5.3,55,66,75,1.5,51,51,27,9,33.6,53.9,5.9,5.5,57,122.8,0.2,33.9,54.4,5.9,5.4,57.2,134,0.2,135,44.315,0,50,4.1
289,2023-03-24 04:00:00,7,14,6.5,14,68,5.3,55,66,75,1.5,51,51,27,9,33.5,54.4,5.9,5.5,57.4,125,0.2,33.8,55.9,5.8,5.4,58.6,138,0.2,163,56.397,0,50,4.1
290,2023-03-24 06:00:00,7.1,14,6.5,14,67,5.3,55,66,75,1.5,51,51,27,9,33.3,52.6,5.9,5.5,57.4,123.6,0.2,33.1,53.9,5.9,5.4,56.9,133.5,0.2,177,62.391,0,50,4.1
291,2023-03-24 08:00:00,7,14,6.5,14,67,5.3,55,66,75,1.5,51,51,27,9,33.3,52.4,5.9,5.5,57.2,131.4,0.2,33.1,54,5.9,5.4,57,142.7,0.2,195,69.938,0,50,4.1
292,2023-03-24 10:00:00,7,14,6.5,14,67,5.3,55,66,75,1.5,51,51,27,9,33.3,52.4,5.9,5.5,57.2,131.4,0.2,33.1,54,5.9,5.4,57,142.7,0.2,214,77.582,0,50,4.1
293,2023-03-24 12:00:00,7.1,14,6.6,14,68,5.3,60,66,75,1.5,52,51,27,9,35.5,58.1,5.9,5.5,61.8,123.7,0.2,35.7,57.5,5.9,5.4,60.8,136.6,0.2,103,30.813,0,50,4.4
294,2023-03-24 14:00:00,7.1,14,6.6,14,68,5.3,60,66,75,1.5,55,51,30,9,36.6,56.8,5.9,5.5,62,131.7,0.2,36,57.9,5.9,5.5,62.2,145.7,0.2,121,38.333,0,50,4.4
295,2023-03-24 16:00:00,7.1,14,6.6,14,68,5.3,60,66,75,1.5,55,51,30,9,36.6,56.8,5.9,5.5,62,131.7,0.2,36,57.9,5.9,5.5,62.2,145.7,0.2,139,46.037,0,50,4.4
296,2023-03-24 18:00:00,7.2,14,6.6,14,68,5.3,60,66,75,1.5,55,51,30,9,25.4,58.3,5.8,5.4,61.1,124.3,0.2,23.6,58.6,6,5.5,61.9,137,0.2,160,55.105,0,50,4.4
297,2023-03-24 20:00:00,7.2,14,6.6,14,66,5.3,60,66,75,1.3,54,51,30,9,25.1,57.4,5.8,5.4,60.6,123.5,0,26.8,60,6,5.5,63,140,0,175,61.54,0,50,4.4
298,2023-03-24 22:00:00,7,14,6.5,14,66,5.2,61,65,75,1.4,54,51,30,9,21.3,59.4,5.8,5.4,62.8,129.1,0,24.1,60,6,5.5,62.9,139.5,0,197,70.761,0,50,4.4
300,2023-03-25 00:00:00,7.3,14,6.6,14,65,5.3,59,65,75,1.5,55,51,30,9,35.5,56.9,5.8,5.4,60.2,122.8,0,35.6,61,6,5.5,64,145.8,0,214,77.582,0,50,4.4
301,2023-03-25 02:00:00,7,14,6.7,14,65,5.3,60,66,75,1.6,55,51,30,9,35.9,59.9,5.9,5.5,63.5,135.6,0,36,61.7,5.9,5.4,64.7,218,0,135,44.315,0,50,4.4
302,2023-03-25 04:00:00,7.1,14,6.7,14,65,5.3,60,66,75,1.5,55,51,30,9,36.5,57.9,5.9,5.5,61.2,124.8,0,36.8,58,5.9,5.4,60.7,136.1,0,110,33.708,0,50,4.6
303,2023-03-25 06:00:00,7,14,6.7,14,65,5.3,60,66,75,1.5,55,51,30,9,36.7,58.3,5.9,5.5,61.7,125.1,0,36.8,61.2,5.9,5.4,64.1,230.8,0,127,40.886,0,50,4.6
304,2023-03-25 08:00:00,7,14,6.7,14,65,5.3,60,66,75,1.5,55,51,30,9,36.7,58.3,5.9,5.5,61.7,125.1,0,36.8,61.2,5.9,5.4,64.1,230.8,0,149,50.354,0,50,4.6
305,2023-03-25 10:00:00,7.1,14,6.7,14,70,5.3,59,67,75,1.5,55,52,30,9,31,57.1,5.9,5.5,60.8,122,0,33.3,55.7,5.9,5.4,59.8,155.7,0,166,57.688,0,50,4.6
306,2023-03-25 12:00:00,7.1,14,6.7,14,63,5.3,59,67,75,1.5,55,52,30,9,34.9,59.6,6,5.5,64,145.3,0,34.3,57.8,5.9,5.5,61.7,135.9,0,187,66.613,0,50,4.6
307,2023-03-25 14:00:00,7.1,14,6.7,14,63,5.3,59,67,75,1.5,55,52,30,9,35.2,57.3,6,5.5,60.2,150.2,0,35,58.3,5.9,5.5,61.3,127.8,0,206,74.413,0,50,4.6
308,2023-03-25 16:00:00,7.1,14,6.7,14,67,5.3,59,67,75,1.5,55,52,30,9,35.5,60,6,5.5,63,168.3,0,35.2,59.8,5.9,5.5,63.2,145.9,0,113,34.961,0,50,4.6
309,2023-03-25 18:00:00,7,14,6.7,14,67,5.3,59,67,75,1.5,55,52,30,9,35.6,56.9,6,5.5,60.2,123.1,0,35.8,60.2,5.9,5.5,63.1,141.5,0,122,38.757,0,50,4.6
310,2023-03-25 20:00:00,7.1,14,6.5,14,67,5.2,59,67,75,1.3,55,52,30,9,35.7,60.1,6,5.5,63.7,134.6,0,36,62.1,5.9,5.5,65,189,0,140,46.468,0,50,4.6
311,2023-03-25 22:00:00,7.2,14,6.6,14,65,5.2,59,66,75,1.5,55,52,30,9,37,57.4,6,5.5,60.7,123.6,0,37.2,57.7,5.9,5.5,60.6,246.2,0.2,158,54.242,0,50,4.6
313,2023-03-26 00:00:00,7.2,14,6.5,14,65,5.2,60,66,75,1.4,55,52,30,9,23.4,59.5,6,5.5,62.9,128.8,0,25.4,61.3,5.9,5.5,64.2,251.6,0,175,61.54,0,50,4.7
314,2023-03-26 02:00:00,7,14,6.5,14,65,5.2,59,66,75,1.5,55,51,30,9,35.5,58,5.9,5.5,61.3,240.7,0.2,35.8,62.4,5.9,5.4,65.3,162.2,0,193,69.112,0,50,4.7
315,2023-03-26 04:00:00,7.2,14,6.5,14,65,5.3,59,66,75,1.5,55,51,30,9,35.9,58,5.9,5.5,61.4,122.9,0,36.2,61.5,5.9,5.4,64.6,147.5,0,212,76.797,0,50,4.7
316,2023-03-26 06:00:00,7.4,14,6.5,14,65,5.2,58,66,75,1.5,55,51,30,9,35.9,60.9,5.9,5.5,64.1,234.7,0,36.3,60.5,5.9,5.4,63.1,263.7,0.2,94,27.161,0,50,4.7
317,2023-03-26 08:00:00,7.4,14,6.5,14,65,5.2,58,66,75,1.5,55,51,30,9,35.9,60.9,5.9,5.5,64.1,234.7,0,36.3,60.5,5.9,5.4,63.1,263.7,0.2,118,37.064,0,50,4.7
318,2023-03-26 10:00:00,7.2,14,6.5,14,65,5.2,58,66,75,1.5,55,51,30,9,36.5,57.5,5.9,5.5,63.5,145.7,0,36.7,57.6,5.9,5.4,63,215.8,0.2,131,42.598,0,50,4.7
319,2023-03-26 12:00:00,7.2,14,6.5,14,65,5.2,58,66,75,1.5,55,51,30,9,36.5,57.5,5.9,5.5,63.5,145.7,0,36.7,57.6,5.9,5.4,63,215.8,0.2,153,52.083,0,50,4.7
320,2023-03-26 14:00:00,7.1,14,6.5,14,67,5.2,58,67,75,1.5,55,51,30,9,36.5,57.4,6,5.5,60.5,117.7,0.2,36.3,57.5,5.9,5.4,60.4,135.4,0.2,167,58.117,0,50,4.7
321,2023-03-26 16:00:00,7.1,14,6.5,14,67,5.2,58,67,75,1.5,55,51,30,9,36.5,57.4,6,5.5,60.5,117.7,0.2,36.3,57.5,5.9,5.4,60.4,135.4,0.2,185,65.773,0,50,4.7
322,2023-03-26 18:00:00,7.3,14,6.5,14,67,5.2,58,67,75,1.5,55,51,30,9,35.5,59.5,6,5.5,62.7,244.1,0.2,35.8,60.3,5.9,5.4,63.3,258.4,0.2,148,49.922,0,50,4.8
323,2023-03-26 20:00:00,7.1,14,6.3,14,67,5.2,60,67,75,1.3,55,51,30,9,25.9,58.3,6,5.5,61.6,123.2,0,26.4,57.5,5.9,5.4,60.2,136.9,0,91,25.964,0,50,4.8
324,2023-03-26 22:00:00,7.2,14,6.7,14,67,5.3,59,67,75,1.5,55,51,30,9,35.8,58.8,6,5.5,62,242,0.2,35.8,60.1,5.9,5.4,63,139.4,0,110,33.708,0,50,4.8
326,2023-03-27 00:00:00,7,14,6.5,14,67,5.3,60,67,75,1.6,55,51,30,9,35.2,58.5,6,5.5,62,126.5,0,35.4,61.6,5.9,5.4,64.8,"152,,2",0,135,44.315,0,50,4.6
327,2023-03-27 02:00:00,7.1,14,6.7,14,65,5.3,59,66,75,1.6,54,51,30,9,35.3,60.8,5.9,5.5,64.3,152.2,0,35.7,61.8,5.9,5.4,65,155.9,0,157,53.81,0,50,4.6
328,2023-03-27 04:00:00,7.1,14,6.6,14,65,5.2,59,66,75,1.3,54,51,30,9,21.5,60.7,5.9,5.5,63.9,249.6,0,23.7,60.3,5.9,5.4,63.2,140.8,0,181,64.087,0,50,4.6
329,2023-03-27 06:00:00,7.2,14,6.7,14,65,5.3,60,66,75,1.5,54,51,30,9,29.1,57.1,5.9,5.5,60.8,125.3,0,29.1,59.3,5.9,5.4,62.9,140.1,0,204,73.609,0,50,4.6
330,2023-03-27 08:00:00,7.2,14,6.7,14,65,5.3,60,66,75,1.5,54,51,30,9,34.8,58.4,5.9,5.5,61.7,126,0,35.2,58.7,5.9,5.4,61.5,137.9,0,188,67.031,0,50,4.5
331,2023-03-27 10:00:00,7.3,14,6.7,14,65,5.3,60,66,75,1.5,54,51,30,9,34.8,58.4,5.9,5.5,61.7,126,0,35.2,58.7,5.9,5.4,61.5,137.9,0,130,42.169,0,50,4.5
332,2023-03-27 12:00:00,7.2,14,6.6,14,69,5.4,60,66,75,1.5,55,51,30,9,33,59.5,6,5.5,64.2,154.7,0,34.2,57.4,6,5.5,62,158.8,0,153,52.083,0,50,4.5
333,2023-03-27 14:00:00,7.2,14,6.6,14,68,5.4,60,66,75,1.5,55,51,30,9,35.1,56.4,6,5.5,60.1,146.7,0,35.1,59.7,6,5.5,63.1,164.8,0,174,61.114,0,50,4.5
334,2023-03-27 16:00:00,7.3,14,6.6,14,68,5.4,60,66,75,1.5,55,51,30,9,35.1,56.4,6,5.5,60.1,146.7,0,35.1,59.7,6,5.5,63.1,164.8,0,200,71.987,0,50,4.5
335,2023-03-27 18:00:00,7.3,14,6.6,14,65,5.4,60,66,75,1.5,55,51,30,9,36.2,59.5,6,5.6,64.1,238.1,0,35.5,60.1,6,5.5,64.2,152.3,0,94,27.161,0,50,4.5
336,2023-03-27 20:00:00,7.3,14,6.7,14,65,5.3,60,66,75,1.6,55,51,30,9,30.9,57.9,6,5.6,61.3,122.8,0,27.5,62.4,6,5.5,65.3,162.9,0,119,37.486,0,50,4.5
337,2023-03-27 22:00:00,7.4,14,6.8,14,65,5.4,60,66,75,1.5,54,51,30,9,36.3,58.1,6,5.6,62.2,126.3,0,36,60.3,6,5.5,63.6,144.7,0,142,47.331,0,50,4.5
339,2023-03-28 00:00:00,7.2,14,6.7,14,65,5.3,60,66,75,1.6,55,51,30,9,35.3,60.1,6,5.6,63.8,136.5,0,35.5,59.3,6,5.5,62.4,"138,,7",0,166,57.688,0,50,4.6
340,2023-03-28 02:00:00,7.3,14,6.8,14,65,5.4,60,66,75,1.5,55,51,30,9,34.8,58.4,5.9,5.5,61.9,125.3,0.2,35.1,62.1,5.9,5.4,65.2,157.8,0.2,189,67.449,0,50,4.6
341,2023-03-28 04:00:00,7.5,14,6.6,14,65,5.2,59,66,75,1.5,55,51,30,9,36.8,59.8,5.9,5.5,63.2,246.4,0.2,36.8,58.8,5.9,5.4,61.9,256.2,0.2,218,79.134,0,50,4.6
342,2023-03-28 06:00:00,7.2,14,6.8,14,65,5.2,59,66,75,1.7,55,51,30,9,36.9,56.2,5.9,5.5,59.9,209.4,0.2,37.2,61.1,5.9,5.4,64.6,152.9,0.2,182,64.51,0,50,4.6
343,2023-03-28 08:00:00,7.2,14,6.8,14,65,5.2,59,66,75,1.7,55,51,30,9,36.9,56.2,5.9,5.5,59.9,209.4,0.2,37.2,61.1,5.9,5.4,64.6,152.9,0.2,122,38.757,0,50,4.6
344,2023-03-28 10:00:00,7.5,14,6.7,14,65,5.3,59,66,75,1.5,55,51,30,9,36.3,60.6,6,5.5,64.2,124.9,0.2,36,60.6,5.9,5.5,63.9,134.9,0.2,142,47.331,0,50,4.5
345,2023-03-28 12:00:00,7.7,14,6.6,14,65,5.3,65,65,75,1.6,55,51,30,9,34.3,60.8,5.9,5.4,64.3,128.8,0.2,35.1,59.7,5.9,5.4,62.7,134.4,0.2,167,58.117,0,50,4.5
346,2023-03-28 14:00:00,7.6,14,6.8,14,65,5.4,60,65,75,1.6,55,51,30,9,36,56.9,6.1,5.6,60.2,239.4,0.2,36.1,59.4,6,5.5,62.2,135.3,0.2,191,68.282,0,50,4.5
347,2023-03-28 16:00:00,7.6,14,6.8,14,65,5.4,60,65,75,1.6,55,51,30,9,36,56.9,6.1,5.6,60.2,239.4,0.2,36.1,59.4,6,5.5,62.2,135.3,0.2,215,77.972,0,50,4.5
348,2023-03-28 18:00:00,7.4,14,6.7,14,65,5.3,60,65,75,1.6,55,51,30,9,36.6,56.7,6,5.5,60.4,114.4,0,36.7,58.6,6,5.5,61.6,134.1,0,235,85.449,0,50,4.5
349,2023-03-28 20:00:00,7.1,14,6.8,14,65,5.3,59,65,75,1.6,55,51,30,9,35.9,57.5,6,5.5,61.1,124.3,0,36.2,59.6,6,5.5,62.4,262.4,0.2,104,31.224,0,50,4.5
350,2023-03-28 22:00:00,7.2,14,6.9,14,65,5.3,60,65,75,1.5,55,51,30,9,36.9,59,6,5.5,62.8,132.1,0,37,60.3,6,5.5,63.2,267.4,0,127,40.886,0,50,4.5
352,2023-03-29 00:00:00,6.8,14,6.6,14,65,5.2,59,65,75,1.6,55,51,30,9,36.1,58.1,6,5.5,62.4,245.7,0.2,35.4,56.8,6,5.5,60.6,250.3,0.2,149,50.354,0,50,4.7
353,2023-03-29 02:00:00,7.1,15,6.7,14,65,5.2,59,66,75,1.6,55,51,30,9,35.6,57.8,5.9,5.5,61.1,126.2,0,36.4,58.5,5.9,5.4,61.5,257.1,0.2,173,60.687,0,50,4.7
354,2023-03-29 04:00:00,7.1,15,6.7,14,65,5.3,60,66,75,1.2,55,51,30,9,26.6,58.3,5.9,5.5,61.6,128.2,0,28.1,61.2,5.9,5.4,64,143.3,0,196,70.35,0,50,4.7
355,2023-03-29 06:00:00,7.4,15,6.7,14,65,5.3,60,66,75,1.2,55,51,30,9,26.6,58.3,5.9,5.5,61.6,128.2,0,28.1,61.2,5.9,5.4,64,143.3,0,221,80.283,0,50,4.7
356,2023-03-29 08:00:00,7.2,15,6.7,14,65,5.3,60,66,75,1.5,54,51,30,9,35.1,59.9,5.9,5.5,63.3,175.6,0,35.6,62.2,5.9,5.4,64,158,0,234,85.092,0,50,4.7
357,2023-03-29 10:00:00,7.2,15,6.7,14,65,5.3,60,66,75,1.5,54,51,30,9,35.1,59.9,5.9,5.5,63.3,175.6,0,35.6,62.2,5.9,5.4,64,158,0,127,40.886,0,50,4.7
358,2023-03-29 12:00:00,7.3,15,6.7,14,65,5.3,60,66,75,1.5,54,51,30,9,35.1,59.9,5.9,5.5,63.3,175.6,0,35.6,62.2,5.9,5.4,64,158,0,161,55.536,0,50,4.7
359,2023-03-29 14:00:00,7.4,15,6.7,14,65,5.3,60,66,75,1.5,54,51,30,9,35.1,59.9,5.9,5.5,63.3,175.6,0,35.6,62.2,5.9,5.4,64,158,0,181,64.087,0,50,4
360,2023-03-29 16:00:00,7.4,15,6.7,14,65,5.3,60,66,75,1.5,54,51,30,9,35.1,59.9,5.9,5.5,63.3,175.6,0,35.6,62.2,5.9,5.4,64,158,0,61,14.719,0,50,4.7
361,2023-03-29 18:00:00,7.2,14,6.8,14,65,5.4,59,66,75,1.4,55,51,30,9,23.2,57.5,5.9,5.4,60.7,235.8,0.2,23.7,58.3,5.9,5.4,60.9,135.4,0,98,28.774,0,50,4.7
362,2023-03-29 20:00:00,7.3,14,6.8,14,65,5.3,60,66,75,1.5,54,51,30,9,36.7,57.8,5.9,5.4,62.5,130.4,0,36.1,56.8,5.9,5.4,60.3,135.5,0,119,37.486,0,50,4.8
363,2023-03-29 22:00:00,7.2,14,6.6,14,65,5.3,59,66,75,1.6,55,51,30,9,34.9,61,5.9,5.4,64.4,191.2,0,35.7,57.2,5.9,5.4,60.2,135.1,0,146,49.058,0,50,4.8
365,2023-03-30 00:00:00,7.5,14,6.8,14,65,5.3,59,66,75,1.6,55,51,30,9,36.5,57.9,5.9,5.4,61.4,242.7,0.2,36.6,62,5.9,5.4,65,166.2,0,174,61.114,0,50,4.7
366,2023-03-30 02:00:00,7.1,15,6.7,14,65,5.2,60,66,75,1.5,54,51,29,9,32.4,55.7,5.9,5.5,60.3,126.1,0,31.8,58.1,5.9,5.4,62.4,139.4,0,195,69.938,0,50,4.7
367,2023-03-30 04:00:00,7.3,15,6.5,14,69,5.2,60,66,75,1.5,55,51,29,9,20.3,57.3,5.9,5.5,60.5,126.7,0,22.2,58.1,5.9,5.4,60.7,135.8,0,225,81.794,0,50,4.7
368,2023-03-30 06:00:00,7.3,15,6.5,14,69,5.2,60,66,75,1.5,55,51,29,9,20.3,57.3,5.9,5.5,60.5,126.7,0,22.2,58.1,5.9,5.4,60.7,135.8,0,106,32.049,0,50,4.7
369,2023-03-30 08:00:00,7.2,15,6.5,14,69,5.2,60,66,75,1.5,55,51,29,9,20.3,57.3,5.9,5.5,60.5,126.7,0,22.2,58.1,5.9,5.4,60.7,135.8,0,133,43.456,0,50,4.7
370,2023-03-30 10:00:00,7.2,15,6.7,14,65,5.2,59,66,75,1.5,54,51,29,9,35.1,58.2,5.9,5.5,62.1,175.7,0,35,60.9,5.9,5.4,61,155.6,0,157,53.81,0,50,4.7
371,2023-03-30 12:00:00,7.5,15,6.7,14,65,5.2,59,66,75,1.5,54,51,29,9,35.1,58.2,5.9,5.5,62.1,175.7,0,35,60.9,5.9,5.4,61,155.6,0,178,62.816,0,50,4.8
372,2023-03-30 14:00:00,7.3,15,6.7,14,65,5.2,59,66,75,1.5,54,51,29,9,35.1,58.2,5.9,5.5,62.1,175.7,0,35,60.9,5.9,5.4,61,155.6,0,201,72.394,0,50,4.8
373,2023-03-30 16:00:00,7.3,15,6.7,14,65,5.2,59,66,75,1.5,54,51,29,9,35.1,58.2,5.9,5.5,62.1,175.7,0,35,60.9,5.9,5.4,61,155.6,0,94,27.161,0,50,4.8
374,2023-03-30 18:00:00,7.1,14,6.7,14,65,5.3,59,68,75,1.6,53,51,29,9,34.9,60.9,5.9,5.5,64.4,188.2,0,34.8,57.5,6,5.6,60.7,145.1,0,121,38.333,0,50,4.8
375,2023-03-30 20:00:00,7.2,14,6.7,14,65,5.2,59,68,75,1.5,55,51,29,9,35.3,57,5.9,5.5,60.3,125.2,0,35.6,58.7,6,5.6,62,262.1,0.2,143,47.763,0,50,4.8
376,2023-03-30 22:00:00,7.2,14,6.7,14,65,5.3,60,68,75,1.5,55,51,29,9,35.4,57.8,5.9,5.5,61.3,127.3,0,35.7,60.4,6,5.6,63.5,146.3,0,165,57.258,0,50,4.8
378,2023-03-31 00:00:00,7.1,14,6.7,14,65,5.3,60,68,75,1.5,55,51,29,9,36,59.6,5.9,5.5,62.9,134.3,0,36.3,58.9,6,5.6,61.7,145.2,0,191,68.282,0,50,4.7
379,2023-03-31 02:00:00,7.2,15,6.4,14,65,5.1,59,66,75,1.5,54,51,29,9,31.2,60.8,5.9,5.5,64.3,164.2,0,31.2,56.5,5.9,5.4,59.9,215.9,0.2,214,77.582,0,50,4.7
380,2023-03-31 04:00:00,7,15,6.7,14,70,5.3,59,66,75,1.5,55,51,29,9,35.3,60.4,5.9,5.5,63.5,249.7,0.2,35.6,60.3,5.9,5.4,63.2,142.2,0,167,58.117,0,50,4.8
381,2023-03-31 06:00:00,7.2,15,6.7,14,70,5.3,59,66,75,1.5,55,51,29,9,35.3,60.4,5.9,5.5,63.5,249.7,0.2,35.6,60.3,5.9,5.4,63.2,142.2,0,110,33.708,0,50,4.8
382,2023-03-31 08:00:00,7.2,15,6.7,14,70,5.3,59,66,75,1.5,55,51,29,9,35.3,60.4,5.9,5.5,63.5,249.7,0.2,35.6,60.3,5.9,5.4,63.2,142.2,0,135,44.315,0,50,4.9
383,2023-03-31 10:00:00,7.2,15,6.7,14,70,5.3,59,66,75,1.5,55,51,29,9,35.3,60.4,5.9,5.5,63.5,249.7,0.2,35.6,60.3,5.9,5.4,63.2,142.2,0,160,55.105,0,50,5
384,2023-03-31 12:00:00,7.2,15,6.7,14,66,5.3,60,66,75,1.5,55,51,29,9,35.5,59,5.9,5.5,63,145.8,0,35.7,61,5.9,5.4,62,160,0,181,64.087,0,50,5
385,2023-03-31 14:00:00,7.2,15,6.7,14,66,5.3,60,66,75,1.5,55,51,29,9,35.5,59,5.9,5.5,63,145.8,0,35.7,61,5.9,5.4,62,160,0,206,74.413,0,50,5
386,2023-03-31 16:00:00,7.3,15,6.7,14,66,5.3,60,66,75,1.5,55,51,29,9,35.5,59,5.9,5.5,63,145.8,0,35.7,61,5.9,5.4,62,160,0,237,86.157,0,50,5
387,2023-03-31 18:00:00,7.3,15,6.7,14,66,5.3,60,66,75,1.5,55,51,29,9,35.5,59,5.9,5.5,63,145.8,0,35.7,61,5.9,5.4,62,160,0,103,30.813,0,50,5
388,2023-03-31 20:00:00,7.2,15,6.6,14,67,5.2,59,66,75,1.5,55,52,29,9,35.1,58.3,5.9,5.5,61.5,240.5,0.2,35.5,62,5.9,5.4,65,150.6,0,128,41.314,0,50,5
389,2023-03-31 22:00:00,7.2,15,6.6,14,67,5.3,60,66,75,1.6,55,52,29,9,34,56.6,5.9,5.5,60.9,125.1,0,33.9,59.9,5.9,5.4,63.8,145.9,0,152,51.651,0,50,5
377,,,,,,,,,,,,,,,,,,,,,,,,,,,,,,,,,,4.8
